OHFF-0001;60.307056;27.165778000000007
OHFF-0002;59.87552799999999;23.39686100000001
OHFF-0003;62.023556;23.846278000000005
OHFF-0004;63.874472;29.056250000000006
OHFF-0005;61.692417;25.00180600000002
OHFF-0006;62.18536100000003;22.40891700000001
OHFF-0007;63.09894400000001;29.817943999999983
OHFF-0008;62.23349999999999;28.833277999999982
OHFF-0009;60.73344400000005;22.333278000000004
OHFF-0010;62.14505901199998;22.158228923999992
OHFF-0011;61.93499772650129;26.030748567204807
OHFF-0012;68.63905600000001;25.598499999999994
OHFF-0013;60.66688900000003;23.883333
OHFF-0016;66.37474999999999;29.32222199999999
OHFF-0017;61.39230576496999;25.44443913422141
OHFF-0018;67.96548061081002;24.12666903698731
OHFF-0019;63.11327800000002;30.701166999999998
OHFF-0020;65.65016700000004;24.333277999999996
OHFF-0021;62.590611000000024;31.17902800000002
OHFF-0022;61.23961100000002;22.591306000000014
OHFF-0023;62.845028;25.469361
OHFF-0024;67.085056;26.954332999999977
OHFF-0025;61.177986593787715;26.906221222660957
OHFF-0026;66.22650000000003;28.49397200000002
OHFF-0027;64.566806;26.499971999999985
OHFF-0028;63.250139;24.74999999999999
OHFF-0032;63.66155600000001;28.29938899999999
OHFF-0033;60.72464794974418;23.644852679716255
OHFF-0034;68.16325664730347;28.281430146118627
OHFF-0036;-73.04360449365186;-13.39601386205749
OHFF-0038;60.301029101971345;19.133244224052625
OHFF-0039;60.30607187205158;25.182932543857596
OHFF-0040;61.86707995938704;21.40230194644289
OHFF-0041;69.16930200000003;21.397986000000014
OHFF-0042;61.02218600000001;24.45997899999999
OHFF-0043;64.18985301198182;30.403414575637832
OHFF-0044;60.17919400000002;24.571722000000005
OHFF-0046;64.821239;27.874641999999994
OHFF-0047;64.31544400000003;30.108222000000023
OHFF-0048;63.825972;29.734944
OHFF-0049;61.60097200000001;28.877583000000005
OHFF-0050;60.376977000000046;24.737453000000016
OHFF-0051;60.24158300000002;23.79761099999998
OHFF-0052;60.40911100000003;22.422972000000016
OHFF-0053;69.59308299999998;26.732833000000003
OHFF-0054;60.84405599999999;23.492722000000008
OHFF-0055;62.85386100000001;29.985749999999978
OHFF-0056;60.679509999999986;24.30071999999998
OHFF-0057;60.19622199999999;24.819666999999995
OHFF-0058;60.62961100000004;21.843111000000004
OHFF-0059;61.05340200000001;25.046728000000016
OHFF-0060;60.48477800000001;26.890611000000018
OHFF-0061;60.24450000000003;22.217778000000006
OHFF-0062;64.23827800000004;29.599806000000005
OHFF-0063;62.78338900000006;22.04933300000002
OHFF-0064;69.06683700000002;20.666651
OHFF-0065;65.189194;29.770139000000015
OHFF-0066;60.97239809140938;24.533260640191518
OHFF-0067;66.30752799999996;27.747997169311525
OHFF-0068;60.462194000000004;25.197749999999985
OHFF-0069;60.907986267980746;23.462686507934567
OHFF-0070;67.77218000000006;25.803213000000014
OHFF-0071;60.36175700000001;24.777238999999998
OHFF-0072;61.80547200000001;29.305111000000007
OHFF-0073;60.92906432291379;24.566392431877816
OHFF-0074;63.41596700000003;30.60943000000001
OHFF-0075;69.04136000000001;20.832709000000012
OHFF-0076;60.413772000000066;24.73212000000001
OHFF-0077;65.13433300000003;27.948972000000005
OHFF-0078;63.998694000000015;27.119805999999986
OHFF-0079;63.03736100000002;28.482332999999993
OHFF-0080;59.810472000000004;22.894555999999984
OHFF-0081;60.362333;23.053139000000016
OHFF-0082;66.19141699999999;29.204361000000006
OHFF-0083;61.413861;24.146750000000015
OHFF-0084;60.21952799999999;24.996666999999995
OHFF-0085;62.31038900000003;27.685638999999988
OHFF-0086;60.19444930548381;21.463709282833985
OHFF-0087;62.073389;24.33950000000002
OHFF-0088;64.104736;26.68495499999999
OHFF-0089;63.481216000000025;25.11174500000001
OHFF-0090;60.45957531777668;25.256786999999996
OHFF-0092;63.35838800000001;23.937993000000006
OHFF-0093;63.86789600000005;28.74568599999999
OHFF-0094;63.81159;28.243630999999983
OHFF-0095;62.06350585832632;26.275829932340482
OHFF-0096;61.55252200000003;28.794179000000007
OHFF-0097;62.231965;30.27495500000001
OHFF-0098;60.657785999999994;26.116882999999984
OHFF-0099;62.052866000000044;23.291746
OHFF-0100;62.48362900000001;24.983536000000022
OHFF-0101;64.198631;25.526051999999986
OHFF-0102;63.261148999999996;25.425598000000015
OHFF-0103;60.952628000000004;26.11148299999999
OHFF-0104;61.556677999999984;28.94245399999999
OHFF-0105;63.30365500000003;28.89436399999998
OHFF-0106;64.088852;26.539501000000005
OHFF-0107;62.86087300000002;30.39629299999999
OHFF-0108;60.840806000000015;25.288115
OHFF-0109;61.58651399999999;28.920820999999997
OHFF-0110;61.201085000000006;27.19874700000002
OHFF-0111;62.58916299999998;26.692315000000008
OHFF-0112;60.222086000000026;22.936312999999977
OHFF-0113;61.24322371982563;25.112604332589054
OHFF-0114;62.58258901746248;24.960601473535224
OHFF-0115;61.635223000000025;25.322064
OHFF-0116;60.64461859450437;24.42250704899595
OHFF-0117;62.21919263106478;25.487566616783674
OHFF-0118;62.34977400000004;23.935596
OHFF-0119;62.22673600000002;24.224078000000002
OHFF-0120;61.29142800000003;26.239478000000016
OHFF-0121;61.047985999999995;26.166404000000007
OHFF-0122;62.04606499999999;24.84638399999998
OHFF-0123;63.50377099999997;24.582674000000022
OHFF-0124;60.14853033766732;24.420139542892308
OHFF-0125;62.365221;27.74511199999998
OHFF-0126;62.57125500000002;24.125397000000007
OHFF-0127;62.836853000000005;25.64054399999999
OHFF-0128;60.62195178820053;25.149411
OHFF-0129;61.871668;24.37352399999999
OHFF-0130;63.249097873755495;25.393325661132828
OHFF-0131;63.202159;24.24211799999999
OHFF-0132;61.903316000000004;23.577482000000014
OHFF-0133;63.220924;28.32347199999998
OHFF-0134;62.04213699999998;23.61020400000001
OHFF-0135;60.89374444990775;22.286413903559303
OHFF-0136;63.62734700000003;28.473820999999983
OHFF-0137;62.01489446260605;26.868269728759763
OHFF-0139;62.18412000000006;29.047888000000015
OHFF-0140;62.118484000000045;22.885457000000006
OHFF-0141;59.98159600000001;23.770295999999995
OHFF-0142;60.20615399999998;23.702190000000012
OHFF-0143;60.496537;24.694185000000022
OHFF-0144;60.011748000000026;23.795136999999993
OHFF-0145;60.496537;24.694185000000022
OHFF-0146;60.46966699999999;24.409459000000002
OHFF-0147;59.99210400000003;23.64283099999998
OHFF-0148;60.28849499999999;23.960531999999983
OHFF-0149;60.249221999999996;23.747887999999985
OHFF-0150;60.928203999999994;25.172460000000008
OHFF-0151;66.21233699999998;24.989693999999986
OHFF-0152;60.26017199999998;23.865990000000007
OHFF-0153;60.04800500000001;23.05621900000002
OHFF-0154;60.61291700000005;23.877676000000005
OHFF-0155;60.11798199999999;23.810255000000023
OHFF-0156;60.725652999999994;25.429033000000015
OHFF-0157;60.791303;24.161364999999993
OHFF-0158;60.07079799999998;24.561293000000013
OHFF-0159;66.28771800000001;27.189945999999996
OHFF-0160;66.50724900000003;26.70892300000002
OHFF-0161;60.73869999999999;24.054544999999997
OHFF-0162;61.776456000000024;22.541505000000004
OHFF-0163;67.69082200000004;26.717226
OHFF-0164;64.55709900000001;29.84948100000001
OHFF-0165;63.970388;29.480709999999995
OHFF-0166;63.099144000000024;24.304682999999983
OHFF-0167;67.57830500000006;25.02067700000002
OHFF-0168;62.75176099999998;24.624338999999996
OHFF-0169;65.82996000000003;26.499327000000015
OHFF-0170;61.964751967393404;21.958697708984392
OHFF-0171;66.96196800000001;26.946793000000014
OHFF-0172;62.32360400365391;22.62225041295473
OHFF-0173;63.314154000000016;24.430249999999994
OHFF-0174;69.21238199999999;27.152208
OHFF-0175;64.003146;29.167846000000004
OHFF-0176;62.586813;21.761621000000016
OHFF-0177;62.40590300000002;23.48861099999999
OHFF-0178;63.62287500000001;28.35360099999998
OHFF-0179;65.247596;26.238120000000002
OHFF-0180;65.63432300000004;29.634843000000018
OHFF-0182;65.28149500000004;28.641307000000005
OHFF-0183;65.62986400000004;25.64124099999999
OHFF-0184;63.59330500000001;25.55616999999999
OHFF-0187;62.10101367922426;26.028493501902954
OHFF-0188;62.069478590945614;26.161491937188828
OHFF-0189;65.48241100000001;29.40280399999999
OHFF-0190;60.42651999999999;22.173159999999985
OHFF-0191;60.55667000000002;23.871150000000007
OHFF-0192;60.44312000000002;24.848930000000003
OHFF-0193;60.48160000000002;25.24213000000002
OHFF-0194;62.531694999999985;26.927963000000005
OHFF-0195;60.492959999999975;25.28438
OHFF-0196;60.77745;23.839740000000013
OHFF-0197;61.29176000000001;26.446129999999997
OHFF-0198;61.39950000000001;23.0435
OHFF-0199;61.48010000000003;23.370620000000002
OHFF-0200;61.450550000000035;23.08891000000001
OHFF-0201;61.51761000000003;23.858850000000007
OHFF-0202;61.33933;22.965230000000012
OHFF-0203;62.31892000000005;27.088600000000003
OHFF-0204;61.59038000000001;27.909880000000012
OHFF-0205;61.73816;28.902989999999992
OHFF-0206;62.11531000000003;28.200540000000007
OHFF-0207;61.84058000000003;26.846649999999997
OHFF-0208;61.78769999999999;28.419719999999987
OHFF-0209;61.172200000000004;26.858460000000022
OHFF-0210;61.01065;26.44945999999998
OHFF-0211;60.53878000000002;27.594160000000006
OHFF-0212;60.86658000000002;26.60346999999998
OHFF-0213;60.73252;26.41781999999998
OHFF-0214;60.666930000000015;27.12691999999999
OHFF-0215;60.977670000000046;28.57040999999999
OHFF-0216;61.21521999999999;27.59482000000002
OHFF-0217;60.740210000000054;27.657300000000014
OHFF-0218;60.994749999999975;27.060780000000005
OHFF-0219;61.122569999999996;27.365629999999985
OHFF-0220;63.07186;21.546059999999994
OHFF-0221;62.56280000000006;30.681379999999983
OHFF-0222;63.281249999999986;28.017549999999993
OHFF-0223;62.167450000000024;28.613279999999985
OHFF-0224;62.74819999999999;27.22575
OHFF-0225;62.46901000000001;28.703809999999983
OHFF-0226;63.097390000000026;27.54533999999999
OHFF-0227;62.49371000000002;31.014289999999995
OHFF-0228;62.87586;28.469100000000015
OHFF-0229;62.375540000000015;27.67312000000001
OHFF-0230;62.46950000000004;27.52951999999999
OHFF-0231;60.39648332000005;22.250202256999987
OHFF-0232;60.68168380693757;21.359077952273555
OHFF-0233;60.53674090898893;22.159083079275142
OHFF-0234;60.55397258566068;22.45500540738764
OHFF-0235;60.38092030722039;22.25605843597498
OHFF-0236;60.930004819237425;21.3599568374633
OHFF-0237;61.290575823844435;21.748343310899138
OHFF-0238;60.67106550767851;22.597891713661188
OHFF-0239;60.50427850000001;22.258308832999987
OHFF-0240;61.009900833;22.293485500000006
OHFF-0241;60.99246111100002;21.651118167000018
OHFF-0242;61.17585183300002;21.547532832999995
OHFF-0243;60.40684850000003;22.280966333000016
OHFF-0244;61.25828266700005;21.654744499999982
OHFF-0245;60.264780833;24.947053499999992
OHFF-0246;60.44721966700002;26.25174916699999
OHFF-0247;60.27670999999999;25.06622833300001
OHFF-0248;60.18574399999999;25.14897999999999
OHFF-0249;60.66079733300002;25.684501167000015
OHFF-0250;60.350999500000036;24.887001166999987
OHFF-0251;60.56771749999999;25.03559233299999
OHFF-0252;60.19138583300004;24.703709999999994
OHFF-0253;60.461486667;26.808705499999984
OHFF-0254;60.62990316700003;24.714528332999983
OHFF-0255;60.478450373924716;25.133341465786668
OHFF-0256;60.816339667000015;25.88065333300002
OHFF-0257;60.63373732890814;25.41668536361006
OHFF-0258;60.22114;25.206764832999994
OHFF-0259;60.597088380487094;25.39998777023593
OHFF-0260;60.00245816700002;23.937424832999998
OHFF-0261;60.202029167000035;25.183089167000013
OHFF-0262;60.565882500000015;26.049982222
OHFF-0263;60.276625140771834;24.975655091667377
OHFF-0264;60.41235600000001;25.023688667000005
OHFF-0265;60.30975883299999;24.820544000000016
OHFF-0266;61.18137305599999;25.508068611000002
OHFF-0267;61.30373049999998;23.203128832999997
OHFF-0268;61.505412667000016;23.9460995
OHFF-0269;62.02453766700001;22.738436833000012
OHFF-0270;60.51308176478356;23.701894827369674
OHFF-0271;61.52026199225401;23.468383615643397
OHFF-0272;61.396706333000004;22.615846167000022
OHFF-0273;61.85939883300002;24.236619667000014
OHFF-0274;60.993415832999986;25.882045166999994
OHFF-0275;61.568668167;22.67422800000002
OHFF-0276;62.01180500000002;24.652916667000014
OHFF-0277;61.549670000000006;23.543309999999988
OHFF-0278;61.49551000000005;23.727660000000014
OHFF-0279;61.445252333000006;22.935977499999996
OHFF-0280;61.19162233300001;25.711430666999995
OHFF-0281;61.28668549999999;22.72859999999998
OHFF-0282;61.00944599999997;25.51309200000001
OHFF-0283;61.670205499999994;27.046904666999996
OHFF-0284;61.90919000000002;27.75020000000002
OHFF-0285;61.75727216700001;27.328289499999986
OHFF-0286;62.01151383300004;27.153676666999978
OHFF-0287;61.80379166700003;27.519869999999987
OHFF-0288;62.19471166700001;27.882691667
OHFF-0289;61.79385033299999;27.147162500000004
OHFF-0290;62.11735000000001;28.328294999999997
OHFF-0291;62.03508166700002;28.481040000000004
OHFF-0292;61.80111406826692;26.691579652684407
OHFF-0293;61.43547333299998;28.223916666999987
OHFF-0294;61.99212788833566;28.42664617101307
OHFF-0295;62.16558466699997;26.359654500000016
OHFF-0296;62.26445133300001;27.65373900000002
OHFF-0297;62.459731666999986;27.24743000000001
OHFF-0298;60.819233333000014;26.94320166699999
OHFF-0299;61.48695000000002;29.216110000000022
OHFF-0300;61.096224333;27.212844166999997
OHFF-0301;60.75351166699997;26.993584999999978
OHFF-0302;61.193141333;27.86474016699998
OHFF-0303;61.07761666700003;26.83432116700001
OHFF-0304;61.565691666999996;29.566183332999987
OHFF-0305;60.644445667000014;27.137449166999996
OHFF-0306;61.106961000000034;28.252145
OHFF-0307;61.47771133300003;29.17259999999999
OHFF-0308;60.712665333000025;27.81011133299999
OHFF-0309;61.41573070122822;29.169732803825184
OHFF-0310;62.750687846800474;24.6044148120039
OHFF-0311;63.526202833000006;23.148289666999993
OHFF-0312;63.517561667000045;23.367636667000003
OHFF-0313;63.83983150000006;23.788691166999996
OHFF-0314;62.670043570335146;26.070915806196282
OHFF-0315;62.48796344397644;25.74834666137694
OHFF-0316;62.689917;24.412492999999998
OHFF-0317;62.77050983300001;21.44922100000001
OHFF-0318;62.74955900000003;22.778152166999984
OHFF-0319;63.06837600000001;25.169998999999983
OHFF-0320;62.57552066699999;23.51945466700001
OHFF-0321;63.79498729802584;23.014262011314692
OHFF-0322;62.2296070243219;26.270961339691368
OHFF-0323;62.40110681584959;21.83349429643277
OHFF-0324;63.4896230790259;24.00835027280005
OHFF-0326;62.3435491217853;22.47222453309633
OHFF-0327;62.61102203034262;24.022219487874015
OHFF-0328;62.950593422353265;22.954780839347837
OHFF-0329;63.87601133253981;24.199194600242418
OHFF-0330;61.55830295367036;21.543994927093678
OHFF-0331;63.69841047694863;27.954810445905622
OHFF-0332;62.78312502990632;29.546649045966927
OHFF-0333;63.49940748177558;27.292699343704403
OHFF-0334;62.283950489351376;28.286264072429177
OHFF-0335;62.69116120940394;29.1378775456772
OHFF-0336;63.01765903816829;29.103481147696815
OHFF-0337;62.972491626586375;31.407572567537898
OHFF-0338;62.77208150925339;28.394423313018162
OHFF-0339;62.88261114845555;27.592048333053782
OHFF-0340;63.72143129299518;26.907304843536107
OHFF-0341;63.09024348844848;28.848178110520433
OHFF-0342;62.66310270131462;29.560085841223096
OHFF-0343;63.762118473215196;28.454049197688
OHFF-0344;63.18280866700005;29.083332666999986
OHFF-0345;62.90711004855046;27.660593333
OHFF-0346;62.664283118199045;29.944139185244456
OHFF-0347;63.47916900000001;28.76751699999998
OHFF-0348;63.3362582330103;30.234544335082834
OHFF-0349;63.566783166999976;29.241404666999983
OHFF-0350;62.891813664136386;27.82613772326419
OHFF-0351;62.80846611519423;27.655688515584224
OHFF-0352;63.498191092356684;28.186296770271476
OHFF-0353;62.98755707281787;24.776240796818207
OHFF-0354;64.50057867049793;25.11671376554026
OHFF-0355;65.01125783802858;25.866282874895656
OHFF-0356;64.96038696736078;28.74717002982993
OHFF-0357;64.28545683300007;23.908037500000017
OHFF-0358;64.41635116775356;28.7283790072708
OHFF-0360;63.91074000000002;25.737531667000006
OHFF-0361;64.3427438768862;27.914744375486304
OHFF-0362;64.90517428898266;25.252299731811334
OHFF-0363;64.06001982203124;27.94640956413743
OHFF-0364;65.29421014041453;28.45159397221375
OHFF-0365;64.69877269647802;27.979348942825595
OHFF-0366;65.98336418520516;29.66076094905963
OHFF-0367;64.24305512663904;24.405209869025285
OHFF-0368;64.0246730792698;28.72194272923922
OHFF-0369;65.343411550242;27.813392553336108
OHFF-0370;65.95290651882598;29.201380286161616
OHFF-0371;64.08073973116058;23.41163146017412
OHFF-0372;64.27722536931455;23.885034875488298
OHFF-0373;64.72117316331439;28.27102437461848
OHFF-0374;64.12284125952868;28.270130569168305
OHFF-0375;64.41776192022213;24.094788836108926
OHFF-0376;66.08789677101883;27.82808297464153
OHFF-0377;67.83838756012705;25.50605552498256
OHFF-0378;66.33098218320202;26.80671672188551
OHFF-0379;66.69253980940456;25.309267532081783
OHFF-0380;67.88149310169857;26.407674574236164
OHFF-0381;67.17708379464;28.580187870114887
OHFF-0382;66.75964407990998;27.757750598942188
OHFF-0383;67.57537656183929;26.78251433135222
OHFF-0384;66.71273870148684;26.995130142351126
OHFF-0386;67.44448591841012;25.835740466270444
OHFF-0387;67.40059982506561;29.158500901155644
OHFF-0388;66.38341100672221;27.342744871025083
OHFF-0389;66.55879777388152;28.186192797622667
OHFF-0390;66.59598402699001;26.48588914880295
OHFF-0391;66.57552002873183;27.01915606151582
OHFF-0392;66.55407261099779;28.208408981475827
OHFF-0393;67.16556105185167;26.401557025794986
OHFF-0394;66.47962344297498;27.654029560543684
OHFF-0395;67.9083532594457;25.97555492609102
OHFF-0396;67.13706688702243;27.7627538038751
OHFF-0397;67.13798582302539;27.41536492829029
OHFF-0398;67.19819637338408;27.606898201613042
OHFF-0399;67.56662703852103;29.64321897516695
OHFF-0400;67.57605823745673;29.62982938776461
OHFF-0401;66.78131584686169;28.797293005943313
OHFF-0402;66.57460580203957;29.28715561990538
OHFF-0403;67.4225435674157;29.56167346686305
OHFF-0404;66.58650470175522;28.30916351837157
OHFF-0405;66.88527841324432;28.629878292527728
OHFF-0406;67.65144721978359;28.043467449952526
OHFF-0407;67.1028708290279;28.335672322031904
OHFF-0408;67.77543087266073;29.377630164619173
OHFF-0409;67.30501918124341;27.07489976140625
OHFF-0411;67.50750738434218;26.250610466270437
OHFF-0412;67.54999792479654;26.13153675721732
OHFF-0413;67.82890000000003;27.087360000000004
OHFF-0414;67.21327204082019;26.231190176539457
OHFF-0415;67.02785341201982;26.70303082511078
OHFF-0416;67.17337105364656;25.669501642204953
OHFF-0417;68.49274803435459;26.910649427383984
OHFF-0418;69.7567466049875;27.79220722767863
OHFF-0419;67.94885000000001;28.708250000000003
OHFF-0420;68.96382555410038;21.630152677780675
OHFF-0421;69.15738035894206;26.537771166765232
OHFF-0422;69.35119831837184;26.89444140847634
OHFF-0423;68.26695758244644;24.661975081246275
OHFF-0424;68.67923335926812;23.80235296214105
OHFF-0425;68.58118539739363;22.837206423750462
OHFF-0426;68.71248120105774;28.352177594558228
OHFF-0427;67.6244309067795;29.549196815483246
OHFF-0428;69.38443900294573;28.907822557497
OHFF-0429;64.17270520672324;27.603723779792794
OHFF-0430;65.32805730509992;29.195674596061306
OHFF-0431;65.29864999999997;29.59127000000001
OHFF-0432;65.18784209921823;29.02642738440849
OHFF-0433;65.72474004879956;28.790011422058456
OHFF-0434;65.34566321943831;29.36861744605683
OHFF-0435;66.18289014056518;28.76059197120634
OHFF-0436;64.20311852983419;27.5040546309662
OHFF-0437;64.2882585044944;27.89676357147215
OHFF-0438;65.05741792966904;25.411523534955872
OHFF-0439;65.28631124803356;29.41195278131983
OHFF-0440;65.9914454810273;28.180825095754958
OHFF-0441;64.77078948936715;29.711045947256913
OHFF-0442;64.66819600235868;29.968239670756205
OHFF-0443;65.8400716939895;28.997515092620834
OHFF-0444;64.09477480459225;28.32799766864778
OHFF-0445;65.48435681814009;29.023118532453978
OHFF-0446;63.945599309143645;28.094904303676575
OHFF-0448;63.926236929004624;28.162197976933967
OHFF-0449;63.95999901121887;27.414224361274616
OHFF-0450;65.3756178337745;29.403036849741316
OHFF-0451;64.29783545306198;27.820940074675182
OHFF-0452;65.22204989889258;29.33849646835326
OHFF-0453;64.40309970892355;27.525374854816253
OHFF-0454;63.988337686783694;27.521640328960572
OHFF-0455;64.48483841629255;26.980271645589752
OHFF-0456;64.11136609773845;27.066138964896368
OHFF-0457;63.912764758152186;28.17309773750816
OHFF-0458;64.43528512691151;26.736328566017043
OHFF-0459;62.88244476390168;26.82338003173826
OHFF-0460;62.9092609520186;26.408371404624436
OHFF-0461;63.326136840882796;27.85003813491822
OHFF-0462;63.14992182566941;26.150394259240343
OHFF-0463;63.14652791590913;26.237006999328017
OHFF-0464;62.95419013068078;26.33996553025456
OHFF-0465;63.97131405935225;26.80453412919981
OHFF-0466;62.632101627049614;27.625841700574398
OHFF-0467;62.01886893663955;29.70984045633655
OHFF-0468;62.86394045595589;27.185818923155246
OHFF-0469;62.87585773612425;30.860633341527112
OHFF-0470;63.59785129582091;26.822066748342788
OHFF-0471;63.433979470594366;28.924396772897015
OHFF-0472;63.923120698625056;26.859654780426016
OHFF-0473;61.79733007667182;29.79313605896091
OHFF-0474;60.853391;26.620931999999986
OHFF-0475;62.92891279030171;27.336091549223028
OHFF-0476;63.15151420545146;26.910397326021357
OHFF-0477;62.89139556376538;26.958900038309388
OHFF-0478;63.15948586341306;30.959095386924737
OHFF-0479;62.93828786977975;27.03437879583035
OHFF-0480;63.94136591914638;26.619974714350118
OHFF-0481;63.63589838077125;26.40114569301315
OHFF-0482;62.86407361587071;31.134501941833506
OHFF-0483;63.686107709843476;26.579085171160347
OHFF-0484;63.127303947494305;26.928773135529028
OHFF-0485;63.00890289281939;27.237686292535816
OHFF-0486;63.368171178312146;29.143583575515745
OHFF-0487;62.4923828828767;25.99974550342793
OHFF-0488;62.607064268427;26.255770779349525
OHFF-0489;62.62025647842124;26.099659228421565
OHFF-0490;62.55030999999998;26.29038999999998
OHFF-0491;62.670365817122196;23.32299060439362
OHFF-0492;62.45355370100042;26.163005678846847
OHFF-0493;62.71552128915005;25.960055707194343
OHFF-0494;62.41892166478875;25.99953195746214
OHFF-0495;62.70594530589569;26.15369462270443
OHFF-0496;61.64717634896915;29.729412540227216
OHFF-0497;60.51508688675988;27.724788336880664
OHFF-0498;60.458091279673965;27.614538225887507
OHFF-0499;60.8379137009699;27.047481900477173
OHFF-0500;60.69591546396822;27.156306631660467
OHFF-0501;60.79299731153457;27.4813300871908
OHFF-0502;60.83482078441121;26.73739726666878
OHFF-0503;61.66087965338895;29.74447905927982
OHFF-0504;60.88263763640535;26.645982813690605
OHFF-0505;60.84323276925304;27.360464934607478
OHFF-0506;60.75500225223948;27.585375073454074
OHFF-0507;61.750585559863325;29.90807647550314
OHFF-0508;61.650059082103155;29.462859936523433
OHFF-0509;61.62667048989539;29.36205495021089
OHFF-0510;61.92293831686724;27.507780751342764
OHFF-0511;61.62023606662588;29.37900159847513
OHFF-0512;62.04154559965767;29.09207459618089
OHFF-0513;61.44081825647385;26.695294737956186
OHFF-0514;61.92196869769539;29.023302988835347
OHFF-0515;61.835710000000006;29.66575
OHFF-0516;61.597895930510056;29.25067419822986
OHFF-0517;62.38949669504769;27.11968796965025
OHFF-0518;62.074494154867736;28.289068407539705
OHFF-0519;61.79786038258504;29.727267425226785
OHFF-0520;61.87222848298898;29.114768595317113
OHFF-0521;62.341050110223975;27.208400362956056
OHFF-0522;60.1273187921568;24.53623825725555
OHFF-0523;60.10131637230361;25.057002874553
OHFF-0524;61.268350404033924;22.995455399890403
OHFF-0525;61.26528443415686;23.020812181512973
OHFF-0526;61.6480319988625;24.11734862837545
OHFF-0527;61.8179700861007;23.867822451454263
OHFF-0528;61.29578115249003;22.77534726871015
OHFF-0529;61.42006021923714;23.212433511227864
OHFF-0530;61.43643122119896;23.49893218751776
OHFF-0531;61.56505838189667;24.635601779910978
OHFF-0532;61.61036674056038;23.88604220311317
OHFF-0533;61.02520814747548;25.711093182663475
OHFF-0534;61.572280123724795;23.451001578303163
OHFF-0535;61.46147401584371;23.415218295934206
OHFF-0536;61.096669748973206;25.78512696514917
OHFF-0537;61.0239118316584;25.748577564447523
OHFF-0538;61.0986095076213;25.69239712031676
OHFF-0539;61.091927168220735;22.17503921177334
OHFF-0540;61.245871673089376;21.87497395800658
OHFF-0541;60.91829901888063;21.941458996261535
OHFF-0542;60.94394744099529;22.105778671050167
OHFF-0543;60.478613078521676;22.231267550110264
OHFF-0544;60.85580528790242;21.972592197851135
OHFF-0545;61.33992929976092;22.110872309052592
OHFF-0546;61.07857455098347;23.01369956745229
OHFF-0547;60.47430986397847;22.152458874997798
OHFF-0548;60.9917835963494;22.57661805975943
OHFF-0549;61.0099421881854;23.17527913686149
OHFF-0550;61.16728259134265;22.67908518319671
OHFF-0551;60.409803754407314;22.518823682872867
OHFF-0552;60.272228874564675;24.87228146094746
OHFF-0553;60.84406099378431;26.69370096604374
OHFF-0554;61.10117474676317;28.21786157853016
OHFF-0555;61.07299011486269;28.208412170622335
OHFF-0556;61.06461604167687;28.067432999999994
OHFF-0557;61.06979124751675;27.936133010884625
OHFF-0558;63.64603515366996;22.769831999027716
OHFF-0559;63.6092628806906;22.45209699507022
OHFF-0560;63.57410387482187;22.49360143446986
OHFF-0561;61.66422274384936;26.06632634150632
OHFF-0562;60.219991604136595;20.064815792632753
OHFF-0563;60.78424791155858;24.1052102175088
OHFF-0564;60.73709486051207;24.295332766032978
OHFF-0565;60.04670143675014;19.98625483208883
OHFF-0566;61.65259623278405;26.06833380506474
OHFF-0567;60.24973189876684;20.418712547082567
OHFF-0568;61.3201986799616;28.936624214469866
OHFF-0569;60.247569851572955;19.55480771602087
OHFF-0570;61.700920771907576;22.97299404583562
OHFF-0571;61.787099593808136;23.135675405396093
OHFF-0572;60.46981195123721;25.779217406082154
OHFF-0573;60.27565378053889;19.848942644295352
OHFF-0574;60.07293412703998;20.440086253497558
OHFF-0575;60.484078000000004;25.934303000000003
OHFF-0576;60.57129234623218;26.548183582804857
OHFF-0577;60.343680779090725;20.061056859400395
OHFF-0578;60.25832227650144;20.122372374140372
OHFF-0579;60.35053406941589;20.37263129710116
OHFF-0580;60.72154906027943;25.13828409664678
OHFF-0581;60.25125394222972;19.92903568684398
OHFF-0582;59.983278600487246;20.30038765744724
OHFF-0583;60.35678477744132;20.319406600977906
OHFF-0584;60.79681868677271;24.599015671142304
OHFF-0585;60.922729000000004;24.31712000000001
OHFF-0586;60.186683169761125;19.74504976917268
OHFF-0587;60.27811497815658;19.824209579404922
OHFF-0588;59.98365908073463;20.29996145713112
OHFF-0589;60.35872379939954;19.901962643106387
OHFF-0590;60.10776329738081;19.886942589302073
OHFF-0591;61.60876225234727;25.929195094299715
OHFF-0592;60.944402704990736;26.431258718852394
OHFF-0593;61.301675553029185;22.761271035799993
OHFF-0594;61.514250944517265;22.603931697767372
OHFF-0595;61.53267799999999;23.407264000000005
OHFF-0596;61.65559202571405;24.091299014422813
OHFF-0597;61.50742692907671;23.586880392085032
OHFF-0598;61.68074012102016;23.487553759246847
OHFF-0599;61.60175011247239;23.55834174645531
OHFF-0600;60.99661319761027;24.414184884791304
OHFF-0601;60.253649919788295;25.60566813727786
OHFF-0602;60.41599606579937;25.739196258051845
OHFF-0603;60.37700900000002;25.686817999999985
OHFF-0604;60.278139406275365;24.791189421810536
OHFF-0605;60.29170267265554;24.7738890734024
OHFF-0606;60.273077410552155;24.769951658014786
OHFF-0607;60.26720909896436;24.79954977590679
OHFF-0608;60.26539761056521;24.795397634948735
OHFF-0609;60.24353754242359;24.78737985628482
OHFF-0610;60.282461000000005;24.806750999999984
OHFF-0611;60.31839129140216;24.8206494525109
OHFF-0612;60.37563764361382;24.816503186843974
OHFF-0613;60.34820001066801;24.84970975875445
OHFF-0614;60.32988964550106;24.906145149459824
OHFF-0615;60.289348456687435;24.926586380981437
OHFF-0616;60.34035823724312;25.032219630680643
OHFF-0617;60.253521158107276;25.12314115744349
OHFF-0618;60.28142842923778;25.12399835581969
OHFF-0619;60.26218114455646;25.101917288004806
OHFF-0620;60.27245362157791;24.93548391658145
OHFF-0621;60.29329964411475;24.751164175020374
OHFF-0622;60.310818751541554;24.699442333804562
OHFF-0623;60.30674156485295;24.717383097577475
OHFF-0625;60.314907;25.306720000000016
OHFF-0626;60.27236545091516;24.92186111000833
OHFF-0627;60.150955939124145;24.959464498163815
OHFF-0628;60.17603299999998;24.884303
OHFF-0630;60.24958536115982;24.89733971840432
OHFF-0631;60.16254665211476;25.06035170210734
OHFF-0632;60.256195398055695;25.084694438860197
OHFF-0633;60.19722502121267;25.117703682856583
OHFF-0634;60.26964445983888;24.903059546740092
OHFF-0635;60.233353765680654;24.767092270965207
OHFF-0636;62.6001328255041;27.411203032314077
OHFF-0637;62.68036920445769;29.083560250269855
OHFF-0638;64.8748357962429;26.31975780755878
OHFF-0639;64.75022165672748;26.13927527161164
OHFF-0640;65.35868255007365;25.332128966112194
OHFF-0641;64.85450529619105;24.70933956206299
OHFF-0642;65.03926800734818;24.556586470459393
OHFF-0643;61.13522256286531;27.98140176089309
OHFF-0644;61.20408005414559;25.112771863893126
OHFF-0645;61.13121819760709;28.574372041040796
OHFF-0646;61.097502767778735;28.708167158622484
OHFF-0647;62.20318170170108;27.137949424667365
OHFF-0648;62.93665031864493;24.816895535557652
OHFF-0649;62.912879731097604;24.72745676322936
OHFF-0650;62.87654365579099;24.395470053827285
OHFF-0651;61.45905097181637;28.027056131750683
OHFF-0652;61.27836225029145;28.122348341379798
OHFF-0653;62.64903127249256;26.98996201912615
OHFF-0654;61.28102103805229;23.32226254796344
OHFF-0655;60.88766062922185;26.683765574479875
OHFF-0656;61.12329335218622;26.92268023758697
OHFF-0657;60.881293891517444;27.16621993254089
OHFF-0658;60.938706424456115;27.330469492535634
OHFF-0659;60.698651504710746;26.87822070483299
OHFF-0660;60.70147000000001;26.75791199999999
OHFF-0661;60.80899200000002;26.38191700000002
OHFF-0662;61.15666600000001;24.34176
OHFF-0663;61.14987700000001;24.313473000000013
OHFF-0664;61.12208;24.286714999999994
OHFF-0665;61.19891399999999;24.19893199999999
OHFF-0666;61.163529;24.31906300000002
OHFF-0667;61.12497399999999;24.36598199999998
OHFF-0668;61.10867700000001;24.342395999999987
OHFF-0669;61.15099751319782;26.593493736106872
OHFF-0670;61.26607800000002;26.240337999999987
OHFF-0671;61.65711999999999;21.85919000000001
OHFF-0672;61.6431579774127;22.26825184194066
OHFF-0673;61.50025171132191;22.36135953960066
OHFF-0674;61.84569116047771;21.824784255908504
OHFF-0675;61.129756823901666;22.354394350363528
OHFF-0676;61.29229281491537;21.850113476257327
OHFF-0677;62.021821727405104;22.23447708460284
OHFF-0678;61.88855290836961;22.460667700463617
OHFF-0679;60.05344143371598;22.72704853309631
OHFF-0680;60.01380209526492;22.38518818657237
OHFF-0681;61.03018000000002;21.807580000000005
OHFF-0682;60.73231651007172;21.78638205955507
OHFF-0683;60.92134848192076;21.62615186508178
OHFF-0684;61.05239232164302;22.87622890504898
OHFF-0685;60.78164631358244;22.7876013788239
OHFF-0686;60.928949338241246;22.740436238098138
OHFF-0687;60.77087794191183;23.13928542826629
OHFF-0688;60.559792676858976;22.979941738010073
OHFF-0689;60.547966938031216;21.920328284056176
OHFF-0690;61.94175182135898;21.534109653752783
OHFF-0691;60.82732778406776;22.116150906458852
OHFF-0692;60.33643;22.003499999999985
OHFF-0693;60.4007358994894;21.822910533707425
OHFF-0694;61.3996314959248;21.875665445785536
OHFF-0695;60.602446057986626;22.251906337954974
OHFF-0696;60.50490300480831;22.696721849831352
OHFF-0697;60.4009649091852;22.640058187252095
OHFF-0698;60.27879078709316;22.43935873056957
OHFF-0699;60.29470522296248;22.223897410661724
OHFF-0700;61.285134999999954;26.435946000000012
OHFF-0701;61.0672762043778;26.450393566380143
OHFF-0702;60.95686199999998;26.83820300000001
OHFF-0703;61.39538800000001;26.710598
OHFF-0704;63.778270250999995;29.538778495000006
OHFF-0705;63.08491639031344;21.381518636152848
OHFF-0706;61.52284628200001;28.522638036999997
OHFF-0707;62.293707880000056;26.13701769799999
OHFF-0708;61.93168387499998;25.718930443999984
OHFF-0709;65.23257000000005;25.304150000000003
OHFF-0710;65.13944;25.870989999999992
OHFF-0711;61.44664495970314;27.69838346261418
OHFF-0712;60.21509446181897;24.69057770142745
OHFF-0713;60.23137721908006;24.740679219829744
OHFF-0714;60.21346069159254;24.68440305022919
OHFF-0715;60.23492633136938;24.707081148668614
OHFF-0716;60.21570509247975;24.724361579607475
OHFF-0717;61.54257516410072;27.155190519999497
OHFF-0718;64.96565973135658;25.7773590241674
OHFF-0719;64.95412806853395;25.48206330681638
OHFF-0720;65.01218291106395;25.845579874470012
OHFF-0721;65.01737490301586;25.67919980865718
OHFF-0722;60.98362612650624;26.051180274920114
OHFF-0723;60.27857099999999;25.149448999999986
OHFF-0724;60.302854457167534;25.476062491639695
OHFF-0725;60.27805941916225;24.946425347823798
OHFF-0726;60.16974535004438;25.026369953372978
OHFF-0727;60.29272924134636;25.244583684383016
OHFF-0728;60.16364955780593;25.0903040768723
OHFF-0729;60.897855661616;27.403812788377667
OHFF-0730;61.155862239554274;24.364189099258432
OHFF-0731;62.28281408838527;26.11768118238841
OHFF-0732;62.22732027633134;25.842401590290972
OHFF-0733;62.22987448732556;26.032581296403727
OHFF-0734;62.04810916829466;25.847283032188948
OHFF-0735;62.57327970539259;25.52738885019301
OHFF-0736;62.598457558436095;25.94331332713529
OHFF-0737;62.61057836896301;25.325046181484318
OHFF-0738;62.23792188394581;25.896131493021695
OHFF-0739;62.17665641390345;25.600992348037707
OHFF-0740;62.67642700000001;25.297148999999994
OHFF-0741;62.32059139822765;25.503404452770244
OHFF-0742;62.612334357608205;25.414734253464932
OHFF-0743;62.472394671348034;25.75781147579783
OHFF-0744;62.50458151687258;25.093633197375333
OHFF-0745;62.75911522919922;25.653681841337463
OHFF-0746;62.58786200000002;26.118216000000007
OHFF-0747;62.51579864517448;25.542001269164714
OHFF-0748;62.09924048381764;25.71235718990379
OHFF-0749;62.7029741747039;25.64626707000941
OHFF-0750;62.68472899999999;25.228774000000016
OHFF-0751;62.41151339428801;25.42095420875971
OHFF-0753;62.29571479192981;25.85308116336821
OHFF-0754;62.172043171110694;25.864600925360925
OHFF-0755;62.165640548817294;25.68787681712724
OHFF-0756;62.23196960917108;25.790953191471083
OHFF-0757;62.37954949673952;25.379673768253344
OHFF-0758;62.74425510203868;25.50375717110782
OHFF-0759;62.353519338511255;26.207508224836317
OHFF-0760;62.43123138776594;25.212660758348495
OHFF-0761;62.65401246447954;25.44745961052524
OHFF-0762;62.28002131185387;25.846383353546642
OHFF-0763;62.207620454594824;25.617339020178044
OHFF-0764;62.369158947908616;25.313936859634552
OHFF-0765;62.39098321608658;25.515915605374044
OHFF-0766;62.39304354441553;25.595127122745502
OHFF-0767;62.47447261284541;25.418018230242446
OHFF-0768;62.36840531999669;25.722434648748198
OHFF-0769;62.361252194790154;25.535287450403857
OHFF-0770;https://www.google.com/maps/d/viewer?hl=fi
OHFF-0771;62.57199700000001;26.075558000000004
OHFF-0772;60.17269730263882;24.716110159093216
OHFF-0773;60.315163401999975;25.127419467999996
OHFF-0774;61.11408900000002;24.39157900000002
OHFF-0775;61.002709651343075;28.289071960942877
OHFF-0776;61.69767548455671;27.259800282805866
OHFF-0777;61.67225923728256;27.382206284330103
OHFF-0778;61.674509998258785;27.269568651134687
OHFF-0779;62.26792891148315;27.172531567747967
OHFF-0780;62.24896222674273;27.273064264549095
OHFF-0781;64.45997694645567;27.585151654453295
OHFF-0782;64.40345035982494;27.670353439812274
OHFF-0783;61.40810716535947;21.357939926490186
OHFF-0784;61.409600146921825;21.588711713123377
OHFF-0785;61.6715034216871;21.975322039652863
OHFF-0786;61.547607047371834;21.707035319328504
OHFF-0787;61.61564399845416;22.16607768096415
OHFF-0788;61.41874182917932;22.1720656692831
OHFF-0789;63.79787021309816;28.823679726216966
OHFF-0790;61.255198440502674;22.492164268120494
OHFF-0791;61.00760893063318;26.437723709750937
OHFF-0792;60.922749875659356;26.7350033687769
OHFF-0793;61.05346120767016;24.348071790904697
OHFF-0794;61.40380836841847;27.686131773848594
OHFF-0795;61.55890642354657;27.63201358476072
OHFF-0796;61.36895958839779;26.433644279299976
OHFF-0797;61.63808974335856;26.78246485847075
OHFF-0798;60.538883690145695;24.706625661240597
OHFF-0799;60.54372008928833;27.20691424395124
OHFF-0800;65.15085240006606;25.96549082131455
OHFF-0801;61.21719100742115;21.370246679426277
OHFF-0802;60.92168;21.203919999999997
OHFF-0803;61.83123999999999;21.49132
OHFF-0804;64.98462991477489;25.28888202651998
OHFF-0805;61.792669999999994;21.44651999999999
OHFF-0806;61.764831726631144;21.527449671649936
OHFF-0807;62.03997394767673;22.632637335681896
OHFF-0808;62.12888446754805;22.66681662462405
OHFF-0809;60.90195907924427;22.706868369544143
OHFF-0810;60.53605755567726;21.98382035046045
OHFF-0811;62.016659424391236;22.54073560236856
OHFF-0812;61.06271712887146;25.44879632811254
OHFF-0813;60.940961171659154;25.75857506687384
OHFF-0814;61.95070469342041;21.40481782388031
OHFF-0815;61.963698856827946;21.686990341242076
OHFF-0816;62.104780010156304;22.694918622190908
OHFF-0817;61.78706848263516;22.153681316306656
OHFF-0818;61.08543769124935;22.001164675252962
OHFF-0819;60.83655013572478;22.243325453500624
OHFF-0820;60.30686406900423;22.125215998028484
OHFF-0821;60.364581564633525;22.334282468594065
OHFF-0822;61.248020062738846;26.48551254097203
OHFF-0823;60.94301883794716;26.772145920297493
OHFF-0824;60.58773399203415;27.203252209607072
OHFF-0825;60.96632157945483;24.44720860936123
OHFF-0826;61.44227666848948;22.744680005782364
OHFF-0827;61.665718268597104;23.50772405607094
OHFF-0828;60.57334120440764;21.172094126138735
OHFF-0829;60.291872254497946;22.294462508727207
OHFF-0830;60.621221771355664;21.31860908232019
OHFF-0831;60.54463728688063;21.42119394600822
OHFF-0832;60.3864850235086;22.510170169301993
OHFF-0833;60.18493110207474;22.615985103291134
OHFF-0834;60.896524963240395;26.710992433980476
OHFF-0835;61.56847190668557;23.666369062496166
OHFF-0836;60.14389088548562;22.866425330371843
OHFF-0837;60.64400760957092;22.0054100611145
OHFF-0838;60.588450836938414;27.351633670110466
OHFF-0839;62.281724376267576;22.654565819669926
OHFF-0840;62.57020184411415;25.485074044844865
OHFF-0841;62.34098200000001;25.531946000000005
OHFF-0842;62.17585900000001;25.654486000000002
OHFF-0843;60.269398;24.896221000000008
OHFF-0844;60.285700524014054;24.794772141530594
OHFF-0845;60.376342;24.820054000000003
OHFF-0846;63.25547100000004;21.39283800000001
OHFF-0847;62.29924689999999;27.91514863500001
OHFF-0848;62.39717224657324;28.99393396487449
OHFF-0849;63.07167008647336;28.164486964856774
OHFF-0850;67.55115000482357;24.204289856912364
OHFF-0851;63.25942532083965;29.206419089603546
OHFF-0852;63.27287466845522;29.28124307609191
OHFF-0853;63.09813133004286;29.675116359230092
OHFF-0854;62.996054919334085;29.7969551511098
OHFF-0855;62.97598130067962;29.91515056715336
OHFF-0857;63.82125764813346;29.25060682451873
OHFF-0858;63.7504219600605;28.610486730672264
OHFF-0859;63.56076461228322;28.638560557257655
OHFF-0860;63.069412690741046;28.765881099574337
OHFF-0861;63.06722477206852;28.516086705711533
OHFF-0862;63.03417628898191;28.83335906634386
OHFF-0863;63.05678689461651;29.000730700485576
OHFF-0864;62.907807929445596;28.827285493069148
OHFF-0865;63.25103660525473;28.82058289621253
OHFF-0866;63.316806477890886;28.720301731098765
OHFF-0867;62.87221053308884;29.09471051829711
OHFF-0868;62.927105054660004;29.493720692565994
OHFF-0869;62.54643541037814;29.41767050037733
OHFF-0870;62.147721082486;27.89064105959942
OHFF-0871;62.15354778691886;27.80354423810687
OHFF-0872;62.29349908894641;28.127293098000003
OHFF-0873;62.31461559272812;28.30821050889096
OHFF-0874;62.35199112692337;27.927183946362803
OHFF-0875;62.4066430814464;27.570302196399464
OHFF-0876;63.67216390304602;22.812026173362764
OHFF-0877;62.24330035329232;26.963832575708395
OHFF-0878;62.137233776818675;27.176488797486062
OHFF-0879;62.0034629836611;26.906937617202885
OHFF-0880;61.889561297495455;27.872331803996897
OHFF-0881;61.608700737386656;28.92603978983204
OHFF-0882;61.50908821643641;28.99013984764777
OHFF-0883;62.1425586530899;30.29537475720877
OHFF-0884;62.28172015253429;30.392911750704478
OHFF-0885;62.29332940528202;29.75243237631194
OHFF-0886;62.404087791939865;30.225103375754642
OHFF-0887;62.52320059282233;30.136472046397355
OHFF-0888;62.45050229236077;28.612243232352252
OHFF-0889;65.38468133111554;26.963057987837512
OHFF-0890;65.06104845093988;27.192831895167515
OHFF-0891;65.34655792885123;25.346534010316304
OHFF-0892;65.45617858646149;25.743698818674627
OHFF-0893;65.4716686056794;26.173758309033765
OHFF-0894;65.26614872383651;26.860521384482293
OHFF-0895;65.6756987296038;26.524938637104185
OHFF-0896;65.93902915464184;26.546215673714375
OHFF-0897;65.88083261268746;27.14765458199827
OHFF-0898;65.88180394920775;27.42595180777944
OHFF-0899;65.52967393216859;28.062167717039202
OHFF-0900;66.75263251079011;24.00848549381136
OHFF-0901;66.75236730597307;24.20156809135223
OHFF-0902;66.362196;24.260474999999992
OHFF-0903;66.04063528600001;24.32970332099999
OHFF-0904;66.10098988399999;24.365537492000016
OHFF-0905;65.85323823445717;24.152733146789547
OHFF-0906;67.16766956567446;23.78762676588439
OHFF-0907;65.99340948920396;28.863556820729283
OHFF-0908;64.72262226104286;29.39243228472532
OHFF-0909;64.67116648068634;28.88901216955601
OHFF-0910;64.59714494634737;28.645563419770447
OHFF-0911;64.78229581682004;28.46016749596801
OHFF-0912;64.46191881191166;28.91431560584475
OHFF-0913;64.28813498319563;28.939942621553268
OHFF-0914;64.3912791128453;29.576755141988652
OHFF-0915;64.47126479832039;29.29467029324573
OHFF-0916;63.218533677635534;22.156167885161395
OHFF-0917;62.63988547800002;27.77168824699999
OHFF-0918;62.207364620999996;27.940029721000005
OHFF-0919;62.11877789299999;28.272588038999977
OHFF-0920;61.372927575381986;22.693720678896984
OHFF-0921;61.29360710941942;22.64905183483564
OHFF-0922;61.45587060883943;22.96777492757333
OHFF-0923;61.467685044187576;23.02010405205722
OHFF-0924;61.42384683331488;23.11592680120905
OHFF-0925;61.3024477828307;23.238546538814123
OHFF-0926;61.339171308517216;23.13275220562893
OHFF-0927;61.469458503148445;23.19838456548443
OHFF-0928;61.35539043573502;23.25885802466445
OHFF-0929;61.539888636413295;23.17958312268447
OHFF-0930;61.54371000000003;23.10738500000002
OHFF-0931;61.5810430229237;23.331525042260957
OHFF-0932;61.17243976383892;22.40699707577085
OHFF-0933;61.18577402709766;22.907435590903216
OHFF-0934;61.22179697657393;23.320763176539103
OHFF-0935;61.10669600000001;23.460081
OHFF-0936;60.99836955358532;23.431833699681594
OHFF-0937;61.06608290439281;23.229577504256195
OHFF-0938;60.28450547890593;24.162016271252284
OHFF-0939;60.249819000000016;24.601188999999984
OHFF-0940;60.29550141763504;24.654794744418076
OHFF-0941;60.33630873116316;24.65166372735466
OHFF-0942;60.339710411748875;24.579570771888744
OHFF-0943;60.36065300000003;24.50635199999998
OHFF-0944;60.12644875628132;24.27271037072526
OHFF-0945;60.20873547560614;24.463683947139554
OHFF-0946;60.24331362327288;24.39703644165349
OHFF-0947;60.257806000000016;25.188783999999984
OHFF-0948;60.427646565231605;24.924915552633877
OHFF-0949;60.3369785638554;25.0381823621523
OHFF-0950;61.647991000000054;27.191227999999995
OHFF-0951;60.940653458762206;27.656866602852283
OHFF-0952;60.43090507309573;22.27627752329048
OHFF-0953;60.48266962146652;22.260906157973242
OHFF-0954;60.486485000000044;22.429246999999986
OHFF-0955;60.512699145578814;22.53272359029573
OHFF-0956;60.204047406507016;21.8087391243844
OHFF-0957;60.22065094334361;21.48891876516799
OHFF-0958;65.18006904999314;25.352391232475156
OHFF-0959;65.17018000000004;25.228500000000007
OHFF-0960;65.10804834339898;25.559073930988067
OHFF-0961;65.34894085530834;25.542130870082314
OHFF-0962;65.24935158962971;25.935534878854128
OHFF-0963;65.21334788735695;25.979192727905925
OHFF-0964;65.14602593045053;25.798018761596698
OHFF-0965;65.14526999999998;25.838960000000018
OHFF-0966;65.14526999999998;25.838960000000018
OHFF-0967;65.27931716504128;25.844668311583717
OHFF-0968;65.13056880376064;26.168107905138033
OHFF-0969;65.01343611161012;25.43747359860323
OHFF-0970;64.99734;24.70776
OHFF-0971;64.78496999999997;25.005150000000004
OHFF-0972;64.84280999999999;24.92391
OHFF-0973;64.84280999999999;24.92391
OHFF-0974;64.7263108616497;25.507848405139214
OHFF-0975;64.34360403889151;28.049658976291393
OHFF-0976;63.70321697493677;27.080283267785735
OHFF-0977;63.725719999999995;27.04277000000002
OHFF-0978;63.840189999999986;26.636420000000015
OHFF-0979;63.861359999999976;26.696329999999996
OHFF-0980;63.43445000000004;27.535640000000008
OHFF-0981;65.89716999999997;29.42008999999998
OHFF-0982;65.93326000000005;29.061680000000003
OHFF-0983;66.03921000000004;28.108489999999982
OHFF-0984;60.911750000000026;23.76397599999998
OHFF-0985;61.26096900000002;28.354336000000004
OHFF-0986;66.03921000000004;28.108489999999982
OHFF-0987;65.870903;25.028200000000016
OHFF-0988;61.586800000000004;21.498760000000004
OHFF-0989;61.49191851449028;22.2146155086899
OHFF-0990;62.192750080929756;21.51136365333892
OHFF-0991;62.69196113430273;21.34952638770208
OHFF-0992;61.544449999999976;21.62280000000001
OHFF-0993;60.35354447128078;21.16198065292736
OHFF-0994;60.144223522981946;21.39585540842617
OHFF-0995;60.32570639261254;21.68627549785319
OHFF-0996;60.395440288963975;21.279775804091003
OHFF-0997;60.28363250833724;21.31665860409194
OHFF-0998;60.37154000000002;21.310469999999995
OHFF-0999;59.81095000000001;22.321620000000006
OHFF-1000;60.18357999999998;22.13229
OHFF-1001;59.97979000000002;22.52450999999999
OHFF-1002;60.194608327151805;21.3820005205916
OHFF-1003;60.0970562999892;21.736988807282003
OHFF-1004;60.33425899999998;22.141192999999987
OHFF-1005;60.55618000000006;22.026300000000013
OHFF-1006;60.23333000000005;22.23495
OHFF-1007;60.92815708776159;22.636083446826937
OHFF-1008;61.221020000000024;22.596250000000012
OHFF-1009;60.178904725408074;21.697170808677537
OHFF-1010;60.29470522296248;22.223897410661724
OHFF-1011;60.13957915193002;21.577231576975503
OHFF-1012;60.12431066927934;21.841775177521292
OHFF-1013;61.845420000000026;21.334099999999996
OHFF-1014;60.23615000000004;21.961150000000007
OHFF-1015;62.35444887700004;29.02307008200001
OHFF-1016;62.97930290900002;29.888873895000003
OHFF-1017;63.845969639999986;29.310260276
OHFF-1018;63.822271069000024;29.396724170999978
OHFF-1019;63.72405308299999;28.371259459000015
OHFF-1020;63.581804233000035;28.598328035000023
OHFF-1021;63.567351907000045;28.614398956000002
OHFF-1022;63.063627093000015;28.739895329000003
OHFF-1023;63.092233481999976;28.590767014
OHFF-1024;62.934390701000034;29.601128116000005
OHFF-1025;62.94685359500001;29.567304701000005
OHFF-1026;62.12635704799999;27.991319346000004
OHFF-1027;62.30465486399999;26.970960049000006
OHFF-1028;62.10709938099998;26.983235682999986
OHFF-1029;61.912852177000026;27.943693798000016
OHFF-1030;61.866032572999984;27.83727953599998
OHFF-1031;62.20938928900001;30.314183973999985
OHFF-1032;62.31498743100001;29.840941273999988
OHFF-1033;62.51012206200001;30.496933820999992
OHFF-1034;62.39360516800002;30.466446064000003
OHFF-1035;64.66923387499997;28.970913616999994
OHFF-1036;64.27626572100003;29.07762806700001
OHFF-1037;62.19814260000001;27.98754967200001
OHFF-1038;61.39945399999998;22.687685999999992
OHFF-1039;61.587543000000046;23.55522599999999
OHFF-1040;61.43058068735066;22.753606397383926
OHFF-1041;61.442235637626005;22.76078794264983
OHFF-1042;61.42496500000001;23.057891999999995
OHFF-1043;61.38664000000002;23.124261999999987
OHFF-1044;61.509822;23.20455800000002
OHFF-1045;61.593917000000005;23.349768
OHFF-1046;61.603019999999994;23.326363999999998
OHFF-1047;61.603081;23.25420199999999
OHFF-1048;61.603081;23.25420199999999
OHFF-1049;61.188102000000036;22.317577000000018
OHFF-1050;61.01256662796334;23.40312120409432
OHFF-1051;60.24010130036724;24.65623996505792
OHFF-1052;60.34556799999999;24.627892000000006
OHFF-1053;60.240768;24.302320999999996
OHFF-1054;60.25207194053413;24.439215088208915
OHFF-1055;60.42903600000001;22.259937000000008
OHFF-1056;60.297951405727616;21.548864357333585
OHFF-1057;65.08745861352278;25.56485575336458
OHFF-1058;65.11014000000004;25.57774000000001
OHFF-1059;65.36328599999997;25.36514199999998
OHFF-1060;65.14316;25.803170000000012
OHFF-1061;65.13287492063424;25.81142835582488
OHFF-1062;65.13287492063424;25.81142835582488
OHFF-1063;65.13325000000002;25.811979999999977
OHFF-1064;65.05591999999997;24.59447000000001
OHFF-1065;64.7306199170572;25.057662507934555
OHFF-1066;64.8529;24.902790000000003
OHFF-1067;64.88064;24.935670000000005
OHFF-1068;61.567879999999995;21.48532
OHFF-1069;65.18834999999999;25.373890000000014
OHFF-1070;65.15232;25.23232000000001
OHFF-1071;61.324321999999995;26.62822700000002
OHFF-1072;61.515931999999985;21.537280999999993
OHFF-1073;61.567098000000016;21.524361000000013
OHFF-1074;61.563340999999994;21.524963999999986
OHFF-1075;60.64195300000003;24.984766999999998
OHFF-1076;60.303555;24.79304199999999
OHFF-1077;60.297381000000016;24.80057799999998
OHFF-1078;63.488283000000024;30.219168
OHFF-1079;60.23238099999999;24.795208999999993
OHFF-1080;63.12317000000004;21.782754000000008
OHFF-1081;62.39536298387413;29.762775335222276
OHFF-1082;62.78105937438266;29.762772449639463
OHFF-1083;62.13172804174546;28.909412676020853
OHFF-1084;62.61577505537344;29.67113983549316
OHFF-1085;62.6206297616519;29.681135188773137
OHFF-1086;62.64506945441372;29.543303841174957
OHFF-1087;62.563643067270114;29.767677732773425
OHFF-1088;62.43651468107151;30.62930561149105
OHFF-1089;62.645178168893956;29.294159597815067
OHFF-1090;62.71347837218843;30.366787832675108
OHFF-1091;66.06390000000005;24.4649
OHFF-1092;66.02894489320943;24.274671089671862
OHFF-1093;65.77958339096672;24.233143652402855
OHFF-1094;65.79302486321247;24.45275431835937
OHFF-1095;60.97690000000001;24.45689999999999
OHFF-1096;61.052800000000026;24.299199999999995
OHFF-1097;68.74886889013611;27.653974592848208
OHFF-1098;62.457727000000006;25.938129999999983
OHFF-1099;65.12552500000002;25.273805
OHFF-1100;65.110898;25.36019500000002
OHFF-1101;65.21967699999999;25.273311000000014
OHFF-1102;64.94660000000005;25.425708000000004
OHFF-1103;65.255705;26.509356000000004
OHFF-1104;65.60687899999999;25.11358
OHFF-1105;64.82070700000001;26.313805999999982
OHFF-1106;64.33844700000006;28.057025999999986
OHFF-1107;66.08938999999997;27.344701000000004
OHFF-1108;60.59739900000002;22.687768999999985
OHFF-1109;60.46286873329214;22.323886029793012
OHFF-1110;60.410021000000015;22.245219999999986
OHFF-1111;60.40518076181305;22.24692302870852
OHFF-1112;60.453957037068065;22.143693881416183
OHFF-1113;60.45464330584791;22.224476670445146
OHFF-1114;60.71757000000002;22.506777999999983
OHFF-1115;60.18754666657336;21.903497427448638
OHFF-1116;60.46935306674578;22.007121789597853
OHFF-1117;61.6807;21.36979999999999
OHFF-1118;61.506188528156855;21.456590074261968
OHFF-1119;61.513300000000015;22.118300000000016
OHFF-1120;61.50710000000003;22.209300000000013
OHFF-1121;61.51539999999999;22.156499999999987
OHFF-1122;61.70140000000002;21.678600000000014
OHFF-1123;61.50820000000002;22.282400000000013
OHFF-1124;61.47149999999999;22.020300000000013
OHFF-1125;61.84930000000003;21.954799999999985
OHFF-1126;61.0182;22.186599999999984
OHFF-1127;61.34930000000003;22.255199999999995
OHFF-1128;61.292;22.494200000000003
OHFF-1129;61.630600000000015;21.90689999999999
OHFF-1130;61.52395266727306;21.528978773837764
OHFF-1131;61.75920308437704;21.419310667280975
OHFF-1132;61.92546192542082;21.885094547651555
OHFF-1133;61.220003999999996;22.682985
OHFF-1134;61.42117873657764;23.205946861593752
OHFF-1135;61.47327200000004;23.325727000000008
OHFF-1136;61.42579635831217;23.68394600601252
OHFF-1137;61.38968499999999;22.570748
OHFF-1138;61.426895397;23.022142392000013
OHFF-1139;61.35168390173617;22.998228337314444
OHFF-1140;61.39927000000004;23.04090800000001
OHFF-1141;61.42370100000005;23.12486099999999
OHFF-1142;61.34379200000003;23.213112999999993
OHFF-1143;61.453146999999994;23.150119999999998
OHFF-1144;61.44868350582361;23.746970664174807
OHFF-1145;60.53241400000003;24.68373599999998
OHFF-1146;60.591449;24.761648
OHFF-1147;60.63147900000001;24.836630000000003
OHFF-1148;60.07001300000001;24.084875
OHFF-1149;60.46585;23.644675999999997
OHFF-1150;59.97848300000001;24.39555799999999
OHFF-1151;59.97674599999999;24.40333999999999
OHFF-1152;59.99284699999997;24.436770000000013
OHFF-1153;60.23301700000002;24.041214999999987
OHFF-1154;60.638325000000016;25.113829000000017
OHFF-1155;60.049459000000006;23.659386
OHFF-1156;60.27751700000002;24.28409099999999
OHFF-1157;60.564387999999994;23.40295000000002
OHFF-1158;61.39576600000003;21.84100400000001
OHFF-1159;61.589169898380014;23.963748113523522
OHFF-1160;61.41443299999999;21.586222999999993
OHFF-1161;65.76782000000003;24.402069999999984
OHFF-1162;62.49757208037681;30.501849371435522
OHFF-1163;62.82211072439027;30.631739367512484
OHFF-1164;62.721078286403234;31.090198675558003
OHFF-1165;62.86468348780872;31.134251341871042
OHFF-1166;62.18992668035544;29.995395777437842