OHFF-0000;;
OHFF-0001;60.307056;27.165778
OHFF-0002;59.875528;23.396861
OHFF-0003;62.023556;23.846278
OHFF-0004;63.874472;29.056250
OHFF-0005;61.692417;25.001806
OHFF-0006;62.185361;22.408917
OHFF-0007;63.098944;29.817944
OHFF-0008;62.233500;28.833278
OHFF-0009;60.733444;22.333278
OHFF-0010;62.145059012;22.158228924
OHFF-0011;61.935972;26.029500
OHFF-0012;68.639056;25.598500
OHFF-0013;60.666889;23.883333
OHFF-0014;62.102861;28.523167
OHFF-0015;60.300222;24.466639
OHFF-0016;66.374750;29.322222
OHFF-0017;61.390750;25.439972
OHFF-0018;67.966833;24.133278
OHFF-0019;63.113278;30.701167
OHFF-0020;65.650167;24.333278
OHFF-0021;62.590611;31.179028
OHFF-0022;61.239611;22.591306
OHFF-0023;62.845028;25.469361
OHFF-0024;67.085056;26.954333
OHFF-0025;61.188167;26.902333
OHFF-0026;66.226500;28.493972
OHFF-0027;64.566806;26.499972
OHFF-0028;63.250139;24.750000
OHFF-0029;61.934611;23.382667
OHFF-0030;59.934667;21.811639
OHFF-0031;65.773639;27.659028
OHFF-0032;63.661556;28.299389
OHFF-0033;60.731444;23.632556
OHFF-0034;68.166806;28.250028
OHFF-0035;60.571778;26.704750
OHFF-0036;;
OHFF-0037;;
OHFF-0038;;
OHFF-0039;60.310639;25.159194
OHFF-0040;61.868107;21.387191
OHFF-0041;69.169302;21.397986
OHFF-0042;61.022186;24.459979
OHFF-0043;64.199083;30.371389
OHFF-0044;60.179194;24.571722
OHFF-0045;;
OHFF-0046;64.821239;27.874642
OHFF-0047;64.315444;30.108222
OHFF-0048;63.825972;29.734944
OHFF-0049;61.600972;28.877583
OHFF-0050;60.376977;24.737453
OHFF-0051;60.241583;23.797611
OHFF-0052;60.409111;22.422972
OHFF-0053;69.593083;26.732833
OHFF-0054;60.844056;23.492722
OHFF-0055;62.853861;29.985750
OHFF-0056;60.67951;24.30072
OHFF-0057;60.196222;24.819667
OHFF-0058;60.629611;21.843111
OHFF-0059;61.053402;25.046728
OHFF-0060;60.484778;26.890611
OHFF-0061;60.244500;22.217778
OHFF-0062;64.238278;29.599806
OHFF-0063;62.783389;22.049333
OHFF-0064;69.066837;20.666651
OHFF-0065;65.189194;29.770139
OHFF-0066;60.948111;24.527306
OHFF-0067;66.307528;27.748083
OHFF-0068;60.462194;25.197750
OHFF-0069;60.908028;23.462944
OHFF-0070;67.772180;25.803213
OHFF-0071;60.361757;24.777239
OHFF-0072;61.805472;29.305111
OHFF-0073;60.938583;24.549222
OHFF-0074;63.415967;30.609430
OHFF-0075;69.041360;20.832709
OHFF-0076;60.413772;24.732120
OHFF-0077;65.134333;27.948972
OHFF-0078;63.998694;27.119806
OHFF-0079;63.037361;28.482333
OHFF-0080;59.810472;22.894556
OHFF-0081;60.362333;23.053139
OHFF-0082;66.191417;29.204361
OHFF-0083;61.413861;24.146750
OHFF-0084;60.219528;24.996667
OHFF-0085;62.310389;27.685639
OHFF-0086;60.193944;21.466000
OHFF-0087;62.073389;24.339500
OHFF-0088;64.104736;26.684955
OHFF-0089;63.481216;25.111745
OHFF-0090;60.459533;25.256787
OHFF-0091;62.28626;29.02005
OHFF-0092;63.358388;23.937993
OHFF-0093;63.867896;28.745686
OHFF-0094;63.811590;28.243631
OHFF-0095;62.059895;26.267121
OHFF-0096;61.552522;28.794179
OHFF-0097;62.231965;30.274955
OHFF-0098;60.657786;26.116883
OHFF-0099;62.052866;23.291746
OHFF-0100;62.483629;24.983536
OHFF-0101;64.198631;25.526052
OHFF-0102;63.261149;25.425598
OHFF-0103;60.952628;26.111483
OHFF-0104;61.556678;28.942454
OHFF-0105;63.303655;28.894364
OHFF-0106;64.088852;26.539501
OHFF-0107;62.860873;30.396293
OHFF-0108;60.840806;25.288115
OHFF-0109;61.586514;28.920821
OHFF-0110;61.201085;27.198747
OHFF-0111;62.589163;26.692315
OHFF-0112;60.222086;22.936313
OHFF-0113;61.243637;25.057427
OHFF-0114;62.580524;24.956670
OHFF-0115;61.635223;25.322064
OHFF-0116;60.647786;24.415308
OHFF-0117;62.218932;25.497753
OHFF-0118;62.349774;23.935596
OHFF-0119;62.226736;24.224078
OHFF-0120;61.291428;26.239478
OHFF-0121;61.047986;26.166404
OHFF-0122;62.046065;24.846384
OHFF-0123;63.503771;24.582674
OHFF-0124;60.157591;24.374886
OHFF-0125;62.365221;27.745112
OHFF-0126;62.571255;24.125397
OHFF-0127;62.836853;25.640544
OHFF-0128;60.622036;25.149411
OHFF-0129;61.871668;24.373524
OHFF-0130;63.246426;25.386986
OHFF-0131;63.202159;24.242118
OHFF-0132;61.903316;23.577482
OHFF-0133;63.220924;28.323472
OHFF-0134;62.042137;23.610204
OHFF-0135;60.905492;22.297315
OHFF-0136;63.627347;28.473821
OHFF-0137;62.005529;27.054179
OHFF-0138;;
OHFF-0139;62.184120;29.047888
OHFF-0140;62.118484;22.885457
OHFF-0141;59.981596;23.770296
OHFF-0142;60.206154;23.702190
OHFF-0143;60.496537;24.694185
OHFF-0144;60.011748;23.795137
OHFF-0145;60.506089;24.654231
OHFF-0146;60.469667;24.409459
OHFF-0147;59.992104;23.642831
OHFF-0148;60.288495;23.960532
OHFF-0149;60.249222;23.747888
OHFF-0150;60.928204;25.172460
OHFF-0151;66.212337;24.989694
OHFF-0152;60.260172;23.865990
OHFF-0153;60.048005;23.056219
OHFF-0154;60.612917;23.877676
OHFF-0155;60.117982;23.810255
OHFF-0156;60.725653;25.429033
OHFF-0157;60.791303;24.161365
OHFF-0158;60.070798;24.561293
OHFF-0159;66.287718;27.189946
OHFF-0160;66.507249;26.708923
OHFF-0161;60.738700;24.054545
OHFF-0162;61.776456;22.541505
OHFF-0163;67.690822;26.717226
OHFF-0164;64.557099;29.849481
OHFF-0165;63.970388;29.480710
OHFF-0166;63.099144;24.304683
OHFF-0167;67.578305;25.020677
OHFF-0168;62.751761;24.624339
OHFF-0169;65.829960;26.499327
OHFF-0170;61.961121;21.960071
OHFF-0171;66.961968;26.946793
OHFF-0172;62.328149;22.611247
OHFF-0173;63.314154;24.430250
OHFF-0174;69.212382;27.152208
OHFF-0175;64.003146;29.167846
OHFF-0176;62.586813;21.761621
OHFF-0177;62.405903;23.488611
OHFF-0178;63.622875;28.353601
OHFF-0179;65.247596;26.238120
OHFF-0180;65.634323;29.634843
OHFF-0181;68.723777;21.419699
OHFF-0182;65.281495;28.641307
OHFF-0183;65.629864;25.641241
OHFF-0184;63.593305;25.556170
OHFF-0185;65.692688;25.307739
OHFF-0186;64.951218;27.410890
OHFF-0187;62.128985;26.011466
OHFF-0188;62.065937;26.157547
OHFF-0189;65.47890;29.34500
OHFF-0190;60.42652;22.17316
OHFF-0191;60.55667;23.87115
OHFF-0192;60.44312;24.84893
OHFF-0193;60.48160;25.24213
OHFF-0194;62.531695;26.927963
OHFF-0195;60.49296;25.28438
OHFF-0196;60.77745;23.83974
OHFF-0197;61.29176;26.44613
OHFF-0198;61.39950;23.04350
OHFF-0199;61.48010;23.37062
OHFF-0200;61.45055;23.08891
OHFF-0201;61.51761;23.85885
OHFF-0202;61.33933;22.96523
OHFF-0203;62.31892;27.08860
OHFF-0204;61.59038;27.90988
OHFF-0205;61.73816;28.90299
OHFF-0206;62.11531;28.20054
OHFF-0207;61.84058;26.84665
OHFF-0208;61.78770;28.41972
OHFF-0209;61.17220;26.85846
OHFF-0210;61.01065;26.44946
OHFF-0211;60.53878;27.59416
OHFF-0212;60.86658;26.60347
OHFF-0213;60.73252;26.41782
OHFF-0214;60.66693;27.12692
OHFF-0215;60.97767;28.57041
OHFF-0216;61.21522;27.59482
OHFF-0217;60.74021;27.65730
OHFF-0218;60.99475;27.06078
OHFF-0219;61.12257;27.36563
OHFF-0220;63.07186;21.54606
OHFF-0221;62.56280;30.68138
OHFF-0222;63.28125;28.01755
OHFF-0223;62.16745;28.61328
OHFF-0224;62.74820;27.22575
OHFF-0225;62.46901;28.70381
OHFF-0226;63.09739;27.54534
OHFF-0227;62.49371;31.01429
OHFF-0228;62.87586;28.46910
OHFF-0229;62.37554;27.67312
OHFF-0230;62.46950;27.52952
OHFF-0231;60.396483320;22.250202257
OHFF-0232;60.689591667;21.354795167
OHFF-0233;60.537966538;22.152691261
OHFF-0234;60.557008333;22.456700000
OHFF-0235;60.381756667;22.256745000
OHFF-0236;60.930214000;21.371610500
OHFF-0237;61.289871167;21.753166167
OHFF-0238;60.672756333;22.592994000
OHFF-0239;60.504278500;22.258308833
OHFF-0240;61.009900833;22.293485500
OHFF-0241;60.992461111;21.651118167
OHFF-0242;61.175851833;21.547532833
OHFF-0243;60.406848500;22.280966333
OHFF-0244;61.258282667;21.654744500
OHFF-0245;60.268229;24.929861
OHFF-0246;60.447219667;26.251749167
OHFF-0247;60.276710000;25.066228333
OHFF-0248;60.185744;25.148980
OHFF-0249;60.660797333;25.684501167
OHFF-0250;60.350999500;24.887001167
OHFF-0251;60.567717500;25.035592333
OHFF-0252;60.19132;24.70447
OHFF-0253;60.461486667;26.808705500
OHFF-0254;60.629903167;24.714528333
OHFF-0255;60.478003000;25.147524000
OHFF-0256;60.816339667;25.880653333
OHFF-0257;60.629981000;25.427534500
OHFF-0258;60.221140000;25.206764833
OHFF-0259;60.598839500;25.400413099
OHFF-0260;60.002458167;23.937424833
OHFF-0261;60.202029167;25.183089167
OHFF-0262;60.565882500;26.049982222
OHFF-0263;60.275778000;24.967125667
OHFF-0264;60.412356000;25.023688667
OHFF-0265;60.309758833;24.820544000
OHFF-0266;61.181373056;25.508068611
OHFF-0267;61.303730500;23.203128833
OHFF-0268;61.505412667;23.946099500
OHFF-0269;62.024537667;22.738436833
OHFF-0270;60.513125333;23.703391500
OHFF-0271;61.519870333;23.468833833
OHFF-0272;61.396706333;22.615846167
OHFF-0273;61.859398833;24.236619667
OHFF-0274;60.993415833;25.882045167
OHFF-0275;61.568668167;22.674228000
OHFF-0276;62.011805000;24.652916667
OHFF-0277;61.54967;23.54331
OHFF-0278;61.49551;23.72766
OHFF-0279;61.445252333;22.935977500
OHFF-0280;61.191622333;25.711430667
OHFF-0281;61.286685500;22.728600000
OHFF-0282;61.009446000;25.513092000
OHFF-0283;61.670205500;27.046904667
OHFF-0284;61.90919;27.75020
OHFF-0285;61.757272167;27.328289500
OHFF-0286;62.011513833;27.153676667
OHFF-0287;61.803791667;27.519870000
OHFF-0288;62.194711667;27.882691667
OHFF-0289;61.793850333;27.147162500
OHFF-0290;62.117350000;28.328295000
OHFF-0291;62.035081667;28.481040000
OHFF-0292;61.808579500;26.685952833
OHFF-0293;61.435473333;28.223916667
OHFF-0294;61.998192000;28.420691667
OHFF-0295;62.165584667;26.359654500
OHFF-0296;62.264451333;27.653739000
OHFF-0297;62.459731667;27.247430000
OHFF-0298;60.819233333;26.943201667
OHFF-0299;61.486950000;29.216110000
OHFF-0300;61.096224333;27.212844167
OHFF-0301;60.753511667;26.993585000
OHFF-0302;61.193141333;27.864740167
OHFF-0303;61.077616667;26.834321167
OHFF-0304;61.565691667;29.566183333
OHFF-0305;60.644445667;27.137449167
OHFF-0306;61.106961;28.252145
OHFF-0307;61.477711333;29.172600000
OHFF-0308;60.712665333;27.810111333
OHFF-0309;61.412435000;29.179603333
OHFF-0310;62.741805000;24.582098833
OHFF-0311;63.526202833;23.148289667
OHFF-0312;63.517561667;23.367636667
OHFF-0313;63.839831500;23.788691167
OHFF-0314;62.676426667;26.07014333
OHFF-0315;62.490778333;25.748175000
OHFF-0316;62.689917000;24.412493000
OHFF-0317;62.770509833;21.449221000
OHFF-0318;62.749559000;22.778152167
OHFF-0319;63.068376000;25.169999000
OHFF-0320;62.575520667;23.519454667
OHFF-0321;63.794168333;23.016428333
OHFF-0322;62.231352833;26.261353667
OHFF-0323;62.399966667;21.829902167
OHFF-0324;63.486378333;24.001103333
OHFF-0325;62.589860333;22.086114667
OHFF-0326;62.344509;22.468566
OHFF-0327;62.612592333;24.012829833
OHFF-0328;62.951211833;22.946525000
OHFF-0329;63.876711667;24.192993333
OHFF-0330;61.567086667;21.520997667
OHFF-0331;63.698092833;27.944433000
OHFF-0332;62.783631667;29.546123333
OHFF-0333;63.498020333;27.277137167
OHFF-0334;62.284735000;28.277843333
OHFF-0335;62.689880167;29.132261000
OHFF-0336;63.018396833;29.109023167
OHFF-0337;62.97416000;31.403828333
OHFF-0338;62.772144333;28.391857333
OHFF-0339;62.881788333;27.585605667
OHFF-0340;63.722284667;26.902658500
OHFF-0341;63.090230667;28.837989333
OHFF-0342;62.663868167;29.559844333
OHFF-0343;63.762954333;28.453807833
OHFF-0344;63.182808667;29.083332667
OHFF-0345;62.907810000;27.660593333
OHFF-0346;62.664855833;29.944943833
OHFF-0347;63.479169000;28.767517000
OHFF-0348;63.335253167;30.221428333
OHFF-0349;63.566783167;29.241404667
OHFF-0350;62.898611000;27.828711333
OHFF-0351;62.805561500;27.628337000
OHFF-0352;63.499952833;28.173422167
OHFF-0353;62.987210000;24.777930000
OHFF-0354;64.501392833;25.116472333
OHFF-0355;65.011730333;25.865961000
OHFF-0356;64.961483833;28.746532167
OHFF-0357;64.285456833;23.908037500
OHFF-0358;64.417244167;28.728953000
OHFF-0359;65.582091167;28.735480167
OHFF-0360;63.910740000;25.737531667
OHFF-0361;64.342831000;27.914985833
OHFF-0362;64.905778333;25.252058333
OHFF-0363;64.06053;27.94649
OHFF-0364;65.294733667;28.452720500
OHFF-0365;64.699225535;27.980078589
OHFF-0366;65.984131667;29.661162167
OHFF-0367;64.243876667;24.405531667
OHFF-0368;64.025158333;28.721647667
OHFF-0369;65.343864667;27.813794833
OHFF-0370;65.953054;29.201139
OHFF-0371;64.084853333;23.412693333
OHFF-0372;64.266466667;23.825265000
OHFF-0373;64.721705667;28.271668000
OHFF-0374;64.123308333;28.270291500
OHFF-0375;64.418126667;24.094188333
OHFF-0376;66.088331000;27.827841333
OHFF-0377;67.838947;25.507021
OHFF-0378;66.332225833;26.807167333
OHFF-0379;66.693447167;25.308945667
OHFF-0380;67.879858000;26.409705000
OHFF-0381;67.177630000;28.579866000
OHFF-0382;66.759914000;27.757509167
OHFF-0383;67.576220667;26.782112000
OHFF-0384;66.71069;26.97919
OHFF-0385;;
OHFF-0386;67.44481;25.83566
OHFF-0387;67.40145;29.15834
OHFF-0388;66.38393;27.34363
OHFF-0389;66.55955;28.18571
OHFF-0390;66.59600;26.48605;
OHFF-0391;66.57560;27.01811
OHFF-0392;66.55392;28.20916
OHFF-0393;67.16612;26.40138;
OHFF-0394;66.47980;27.65411
OHFF-0395;67.90793;25.97902;
OHFF-0396;67.13752;27.75544;
OHFF-0397;67.13898;27.41742;
OHFF-0398;67.19772;27.60613
OHFF-0399;66.98945;27.66255;
OHFF-0400;67.56519;29.64394
OHFF-0401;66.78200;28.79850;
OHFF-0402;66.57578;29.27753
OHFF-0403;67.42432;29.53890
OHFF-0404;66.57998;28.32869
OHFF-0405;66.88577;28.62884;
OHFF-0406;67.65186;28.04202
OHFF-0407;67.10345;28.33527;
OHFF-0408;67.77544;29.37872
OHFF-0409;67.30532;27.07494;
OHFF-0410;;
OHFF-0411;67.50820;26.25053
OHFF-0412;67.55072;26.13210;
OHFF-0413;67.82890;27.08736
OHFF-0414;67.21367;26.22845
OHFF-0415;67.02995;26.69909;
OHFF-0416;67.17373;25.67449
OHFF-0417;68.56702;26.67697;
OHFF-0418;69.75592;27.79580;
OHFF-0419;67.94885;28.70825
OHFF-0420;68.96384;21.63136
OHFF-0421;69.15791;26.53930;
OHFF-0422;69.35019;26.88645
OHFF-0423;68.26733;24.66109;
OHFF-0424;68.67837;23.80678
OHFF-0425;68.58331;22.83101
OHFF-0426;68.71346;;28.35258;
OHFF-0427;67.62463;29.52884
OHFF-0428;69.38349;28.89628;
OHFF-0429;64.17104;27.59962;
OHFF-0430;65.32757;29.19495
OHFF-0431;65.29865;29.59127
OHFF-0432;65.18839;29.02617;
OHFF-0433;65.72563;28.78977;
OHFF-0434;65.34568;29.36836;
OHFF-0435;66.18392;28.75953;
OHFF-0436;;64.20692;27.50222;
OHFF-0437;64.28903;27.89097
OHFF-0438;65.05733;25.39697;
OHFF-0439;65.28581;29.41147;
OHFF-0440;65.99213;28.18097;
OHFF-0441;64.77176;29.71000;
OHFF-0442;64.67181;29.96972;
OHFF-0443;65.83957;28.99376;
OHFF-0444;64.09539;28.32840;
OHFF-0445;65.48428;29.02336;
OHFF-0446;63.94158;28.09262;
OHFF-0447;65.57314;26.74666;
OHFF-0448;63.92675;28.16252;
OHFF-0449;63.96085;27.40555;
OHFF-0450;65.37603;29.39015;
OHFF-0451;64.299632653;27.809433215
OHFF-0452;65.23112;29.32530;
OHFF-0453;64.39952;27.52458;
OHFF-0454;63.98940;27.51819;
OHFF-0455;64.48731;26.97740;
OHFF-0456;64.11198;27.06638;
OHFF-0457;63.91349;28.1735
OHFF-0458;64.43576;26.73871;
OHFF-0459;62.88249;26.82441;
OHFF-0460;62.91028;26.40762;
OHFF-0461;63.32648;27.85036;
OHFF-0462;63.14994;26.15136;
OHFF-0463;63.14869;26.23395;
OHFF-0464;62.95494;26.34077;
OHFF-0465;63.97172;26.80196;
OHFF-0466;62.63249;27.62729;
OHFF-0467;62.01922;29.70976;
OHFF-0468;62.86297;27.18767;
OHFF-0469;62.87609;30.86058;
OHFF-0470;63.59744;26.81729;
OHFF-0471;63.43193;28.92681;
OHFF-0472;63.92307;26.85929;
OHFF-0473;61.79766;29.78870;
OHFF-0474;60.853391;26.620932
OHFF-0475;62.92847;27.33477;
OHFF-0476;63.15266;26.90782;
OHFF-0477;62.89215;26.95729;
OHFF-0478;63.15994;30.95644;
OHFF-0479;62.93640;27.03241;
OHFF-0480;63.94202;26.61587;
OHFF-0481;63.63624;26.39913;
OHFF-0482;62.86510;31.12991;
OHFF-0483;63.68905;26.57724;
OHFF-0484;63.12747;26.91903;
OHFF-0485;63.00807;27.23722;
OHFF-0486;63.36987;29.12778;
OHFF-0487;62.49311;25.99178;
OHFF-0488;62.60885;26.2515
OHFF-0489;62.61820;26.09699;
OHFF-0490;62.55031;26.29039;
OHFF-0491;62.66951;23.32320;
OHFF-0492;62.45454;26.16373;
OHFF-0493;62.71525;25.96412;
OHFF-0494;62.41684;26.00046;
OHFF-0495;62.686710;26.015816
OHFF-0496;61.64543;29.73276
OHFF-0497;60.51633;27.71507;
OHFF-0498;60.45810;27.57678;
OHFF-0499;60.83815;27.04393;
OHFF-0500;60.69949;27.15010
OHFF-0501;60.79291;27.47706;
OHFF-0502;60.83721;26.73800;
OHFF-0503;61.66207;29.74135;
OHFF-0504;60.88483;26.64373;
OHFF-0505;60.84220;27.36041;
OHFF-0506;60.75430;27.58676;
OHFF-0507;61.74892;29.90927;
OHFF-0508;61.64910;29.46080;
OHFF-0509;61.62499;29.36167;
OHFF-0510;61.92222;27.50512;
OHFF-0511;61.61907;29.37963;
OHFF-0512;62.03995;29.08896;
OHFF-0513;61.44060;26.69870;
OHFF-0514;61.922353741;29.021983342
OHFF-0515;61.83571;29.66575
OHFF-0516;61.599655474;29.251015532
OHFF-0517;62.388946;27.109914
OHFF-0518;62.07441;28.28268
OHFF-0519;61.800883384;29.722439449
OHFF-0520;61.871890273;29.11413880
OHFF-0521;62.341654;27.208374
OHFF-0522;60.126914;24.53884
OHFF-0523;60.101857830;25.052336010
OHFF-0524;61.26887;22.99405
OHFF-0525;61.267040180;23.016633353
OHFF-0526;61.648891693;24.117590007
OHFF-0527;61.819255205;23.864762300
OHFF-0528;61.295612486;22.772256860
OHFF-0529;61.420195;23.212836
OHFF-0530;61.437104;23.499093
OHFF-0531;61.566193954;24.635719827
OHFF-0532;61.608922268;23.881499797
OHFF-0533;61.025891016;25.712059809
OHFF-0534;61.573706349;23.450792366
OHFF-0535;61.462464298;23.415730009
OHFF-0536;61.097495;25.785525
OHFF-0537;61.023354;25.747848
OHFF-0538;61.097441521;25.694489206
OHFF-0539;61.091440932;22.175361083
OHFF-0540;61.243567;21.877631
OHFF-0541;60.918592366;21.941619937
OHFF-0542;60.943187984;22.107548929
OHFF-0543;60.477483;22.232716
OHFF-0544;60.857141991;21.972914029
OHFF-0545;61.33991;22.11216
OHFF-0546;61.079849696;23.014267111
OHFF-0547;60.469013803;22.124303068
OHFF-0548;60.991608;22.577986
OHFF-0549;61.008656508;23.176807996
OHFF-0550;61.1628;22.6782
OHFF-0551;60.410300427;22.518904150
OHFF-0552;60.274210;24.868656
OHFF-0553;60.846158;26.691770
OHFF-0554;61.101684;28.218548
OHFF-0555;61.073593;28.208573
OHFF-0556;61.064908;28.067433
OHFF-0557;61.067774;27.938257
OHFF-0558;63.646303;22.771441
OHFF-0559;63.609245;22.453867
OHFF-0560;63.570457;22.493006
OHFF-0561;61.661155;26.064234
OHFF-0562;60.21958;20.05854
OHFF-0563;60.784189;24.100141
OHFF-0564;60.735282;24.294834
OHFF-0565;60.04831;19.97869
OHFF-0566;61.654819;26.067024
OHFF-0567;60.249853;20.418793
OHFF-0568;61.321492;28.936946
OHFF-0569;60.248828;19.553037
OHFF-0570;61.700978;22.973155
OHFF-0571;61.786969;23.136012
OHFF-0572;60.471939;25.779550
OHFF-0573;60.277082;19.837065
OHFF-0574;60.072724;20.436368
OHFF-0575;60.484078;25.934303
OHFF-0576;60.574931;26.541961
OHFF-0577;60.34313;20.061105
OHFF-0578;60.258926;20.121777
OHFF-0579;60.35100;20.37268
OHFF-0580;60.722592;25.136374
OHFF-0581;60.25158;19.93153
OHFF-0582;59.98350;20.30079
OHFF-0583;60.35570;20.32041
OHFF-0584;60.797261;24.600533
OHFF-0585;60.922729;24.317120
OHFF-0586;60.18797;19.74601
OHFF-0587;60.27756;19.82276
OHFF-0588;59.98380;20.29972
OHFF-0589;60.35942;19.90148
OHFF-0590;60.10804;19.88477;
OHFF-0591;61.609226;25.930805
OHFF-0592;60.942256;26.430792
OHFF-0593;61.302475;22.759625
OHFF-0594;61.513436;22.598963
OHFF-0595;61.532678;23.407264
OHFF-0596;61.653518;24.093810
OHFF-0597;61.506768;23.587685
OHFF-0598;61.679329;23.489206
OHFF-0599;61.602302;23.554197
OHFF-0600;60.995411;24.416038
OHFF-0601;60.254722;25.605471
OHFF-0602;60.416376;25.738389
OHFF-0603;60.377009;25.686818
OHFF-0604;60.279077;24.790948
OHFF-0605;60.291922;24.775257
OHFF-0606;60.273360;24.767417
OHFF-0607;60.264752;24.798775
OHFF-0608;60.264481;24.791664
OHFF-0609;60.243033;24.787954
OHFF-0610;60.282461;24.806751
OHFF-0611;60.315902;24.818880
OHFF-0612;60.376965;24.809700
OHFF-0613;60.347589;24.850648
OHFF-0614;60.328858;24.907615
OHFF-0615;60.288382;24.922724
OHFF-0616;60.339813;25.033754
OHFF-0617;60.250473;25.127061
OHFF-0618;60.281342;25.124052
OHFF-0619;60.262720;25.101354
OHFF-0620;60.273692;24.933842
OHFF-0621;60.294213;24.750531
OHFF-0622;60.312571;24.699369
OHFF-0623;60.305308;24.714141
OHFF-0624;60.322272;24.658674
OHFF-0625;60.314907;25.306720
OHFF-0626;60.273383;24.922183
OHFF-0627;60.149074;24.959663
OHFF-0628;60.176033;24.884303
OHFF-0629;60.274163;25.073935
OHFF-0630;60.250284;24.896857
OHFF-0631;60.161806;25.058501
OHFF-0632;60.256415;25.084453
OHFF-0633;60.197365;25.116899
OHFF-0634;60.269151;24.903258
OHFF-0635;60.233158;24.765193
OHFF-0636;62.597744269;27.415870076
OHFF-0637;62.681163;29.082434
OHFF-0638;64.875297127;26.320728702
OHFF-0639;64.75052;26.1341
OHFF-0640;65.35846;25.32979
OHFF-0641;64.85483;24.70942
OHFF-0642;65.03864;24.55723
OHFF-0643;61.13586;27.97933
OHFF-0644;61.205071;25.1122086
OHFF-0645;61.13184;28.57574
OHFF-0646;61.09795;28.70762
OHFF-0647;62.20250;27.12942
OHFF-0648;62.93733;24.81593;
OHFF-0649;62.913858;24.727210
OHFF-0650;62.876562;24.395631
OHFF-0651;61.459426147;28.027206584
OHFF-0652;61.281281796;28.115749624
OHFF-0653;62.649981909;26.990605430
OHFF-0654;61.279841580;23.322300109
OHFF-0655;60.887148;26.686158
OHFF-0656;61.125875;26.906003
OHFF-0657;60.881196;27.166059
OHFF-0658;60.939117;27.331838
OHFF-0659;60.698002;26.878462
OHFF-0660;60.701470;26.757912
OHFF-0661;60.808992;26.381917
OHFF-0662;61.156666;24.341760
OHFF-0663;61.149877;24.313473
OHFF-0664;61.122080;24.286715
OHFF-0665;61.198914;24.198932
OHFF-0666;61.163529;24.319063
OHFF-0667;61.124974;24.365982
OHFF-0668;61.108677;24.342396
OHFF-0669;61.151444;26.594057
OHFF-0670;61.266078;26.240338
OHFF-0671;61.65712;21.85919
OHFF-0672;61.64428;22.26852
OHFF-0673;61.50077;22.36144
OHFF-0674;61.84590;21.82406
OHFF-0675;61.12927;22.34958
OHFF-0676;61.29266;21.84123
OHFF-0677;62.02256;22.23158
OHFF-0678;61.88935;22.45922
OHFF-0679;60.05664;22.72339
OHFF-0680;60.01139;22.38625
OHFF-0681;61.03018;21.80758
OHFF-0682;60.73314;21.78223
OHFF-0683;60.92172;21.62583
OHFF-0684;61.05344;22.87676
OHFF-0685;60.78253;22.78736
OHFF-0686;60.93022;22.74005
OHFF-0687;60.77133;23.13884
OHFF-0688;60.56039;22.97999
OHFF-0689;60.54914;21.91727
OHFF-0690;61.94221;21.53440
OHFF-0691;60.82748;22.11518
OHFF-0692;60.33643;22.00350
OHFF-0693;60.40340;21.81706
OHFF-0694;61.39764;21.87323
OHFF-0695;60.60245;22.25255
OHFF-0696;60.50577;22.69170
OHFF-0697;60.40399;22.64040
OHFF-0698;60.27956;22.43050
OHFF-0699;60.29633;22.20562
OHFF-0700;60.429435;21.996027
OHFF-0701;61.068269;26.450635
OHFF-0702;60.956862;26.838203
OHFF-0703;61.395388;26.710598
OHFF-0704;63.778270251;29.538778495
OHFF-0705;63.157228998;21.305535372
OHFF-0706;61.522846282;28.522638037
OHFF-0707;62.293707880;26.137017698
OHFF-0708;61.931683875;25.718930444
OHFF-0709;65.23257;25.30415
OHFF-0710;65.13944;25.87099
OHFF-0711;61.449225259;27.699314079
OHFF-0712;60.223843;24.685452
OHFF-0713;60.232236;24.731186
OHFF-0714;60.212498;24.684001
OHFF-0715;60.233871;24.712067
OHFF-0716;60.216644;24.722383
OHFF-0717;61.541583807;27.161302438
OHFF-0718;64.966266523;25.767201776
OHFF-0719;64.951426358;25.478800601
OHFF-0720;65.009617551;25.840314427
OHFF-0721;65.017326192;25.674481803
OHFF-0722;60.981155;26.051596
OHFF-0723;60.278571;25.149449
OHFF-0724;60.301734;25.477267
OHFF-0725;60.277348;24.946943
OHFF-0726;60.170750;25.026378
OHFF-0727;60.290885;25.242338
OHFF-0728;60.164350;25.090827
OHFF-0729;60.898470;27.402984
OHFF-0730;61.157939;24.357269
OHFF-0731;62.284948;26.117079
OHFF-0732;62.228412;25.842324
OHFF-0733;62.229237;26.032010
OHFF-0734;62.054588;25.826772
OHFF-0735;62.572872;25.528105
OHFF-0736;62.600751;25.939645
OHFF-0737;62.611004;25.320463
OHFF-0738;62.239102654;25.896643872
OHFF-0739;62.182854;25.580511
OHFF-0740;62.676427;25.297149
OHFF-0741;62.320944;25.495618
OHFF-0742;62.613358;25.407860
OHFF-0743;62.471506;25.756645
OHFF-0744;62.504045;25.092289
OHFF-0745;62.758713;25.653797
OHFF-0746;62.587862;26.118216
OHFF-0747;62.516337;25.542846
OHFF-0748;62.089568;25.739008
OHFF-0749;62.704504;25.645792
OHFF-0750;62.684729;25.228774
OHFF-0751;62.413061;25.411963
OHFF-0752;62.423479;25.249767
OHFF-0753;62.29511;25.85196
OHFF-0754;62.172769;25.864055
OHFF-0755;62.165747;25.688196
OHFF-0756;62.231491;25.790575
OHFF-0757;62.379501;25.370970
OHFF-0758;62.744389;25.492253
OHFF-0759;62.353244;26.196381
OHFF-0760;62.433843;25.213246
OHFF-0761;62.660654;25.442031
OHFF-0762;62.281380;25.837572
OHFF-0763;62.208577;25.608610
OHFF-0764;62.369392;25.305299
OHFF-0765;62.391675;25.506229
OHFF-0766;62.392831;25.587110
OHFF-0767;62.476090;25.413392
OHFF-0768;62.368613;25.718131
OHFF-0769;62.361002;25.535411
OHFF-0770;62.228290;25.739480
OHFF-0771;62.571997;26.075558
OHFF-0772;60.173597565;24.714680786
OHFF-0773;60.315163402;25.127419468
OHFF-0774;61.114089;24.391579
OHFF-0775;61.00347;28.28871
OHFF-0776;61.698745403;27.254366858
OHFF-0777;61.672453951;27.379870354
OHFF-0778;61.674867606;27.270048743
OHFF-0779;62.26716;27.17050
OHFF-0780;62.250258510;27.270253457
OHFF-0781;64.46014;27.58222
OHFF-0782;64.40379;27.66845
OHFF-0783;61.40812;21.35680
OHFF-0784;61.40902;21.58843
OHFF-0785;61.67227;21.97623
OHFF-0786;61.54674;21.70794
OHFF-0787;61.61756;22.15298
OHFF-0788;61.41946;22.16640
OHFF-0789;63.798090;28.822754
OHFF-0790;61.25436;22.49283
OHFF-0791;61.008587;26.438408
OHFF-0792;60.923400;26.734213
OHFF-0793;61.051808;24.349494
OHFF-0794;61.404755728;27.685850160
OHFF-0795;61.559143314;27.629101076
OHFF-0796;61.369189363;26.434472840
OHFF-0797;61.635038697;26.785498391
OHFF-0798;60.537175;24.708059
OHFF-0799;60.542608178;27.197975167
OHFF-0800;65.15031;25.96441
OHFF-0801;61.21487;21.36765
OHFF-0802;60.92168;21.20392
OHFF-0803;61.83124;21.49132
OHFF-0804;64.985909776;25.287953673
OHFF-0805;61.79267;21.44652
OHFF-0806;61.76413;21.52440
OHFF-0807;62.04161;22.62815
OHFF-0808;62.12943;22.66333
OHFF-0809;60.90256;22.70752
OHFF-0810;60.53732;21.98341
OHFF-0811;62.01936;22.53586
OHFF-0812;61.062910;25.449211
OHFF-0813;60.940543;25.754559
OHFF-0814;61.95245;21.40581
OHFF-0815;61.96459;21.68822
OHFF-0816;62.10523;22.69564
OHFF-0817;61.78832;22.15105
OHFF-0818;61.08616;22.00128
OHFF-0819;60.83956;22.24309
OHFF-0820;60.30689;22.12566
OHFF-0821;60.36398;22.32264
OHFF-0822;61.248660;26.476458
OHFF-0823;60.943859;26.771985
OHFF-0824;60.587959;27.203212
OHFF-0825;60.967062;24.448064
OHFF-0826;61.437805;22.742741
OHFF-0827;61.666468;23.507952
OHFF-0828;60.57343;21.17030
OHFF-0829;60.29299;22.29402
OHFF-0830;60.62233;21.31878
OHFF-0831;60.54311;21.42007
OHFF-0832;60.38684;22.51065
OHFF-0833;60.18687;22.61442
OHFF-0834;60.896161;26.710920
OHFF-0835;61.569505;23.666876
OHFF-0836;60.14374;22.86447
OHFF-0837;60.64368;22.00456
OHFF-0838;60.588649;27.348030
OHFF-0839;62.28089;22.65496
OHFF-0840;62.572378;25.486241
OHFF-0841;62.340982;25.531946
OHFF-0842;62.175859;25.654486
OHFF-0843;60.269398;24.896221
OHFF-0844;60.284735;24.795408
OHFF-0845;60.376342;24.820054
OHFF-0846;63.255471;21.392838
OHFF-0847;62.2992469;27.915148635
OHFF-0848;62.399015801;28.995250543
OHFF-0849;63.071552466;28.161961269
OHFF-0850;67.551580922;24.203019709
OHFF-0851;63.259877834;29.206821370
OHFF-0852;63.273230156;29.281451840
OHFF-0853;63.098694597;29.675921212
OHFF-0854;62.996742919;29.802493418
OHFF-0855;62.975134891;29.916888312
OHFF-0856;63.671283620;28.724283324
OHFF-0857;63.820100065;29.247327102
OHFF-0858;63.748955428;28.604233368
OHFF-0859;63.559958527;28.639429539
OHFF-0860;63.066206841;28.756365272
OHFF-0861;63.067900157;28.507497270
OHFF-0862;63.033311507;28.832661692
OHFF-0863;63.058636945;28.997352372
OHFF-0864;62.908228358;28.827521626
OHFF-0865;63.252105652;28.820824449
OHFF-0866;63.317629044;28.720704022
OHFF-0867;62.872338888;29.095032227
OHFF-0868;62.926976877;29.494444889
OHFF-0869;62.546639445;29.418153298
OHFF-0870;62.146724843;27.892545428
OHFF-0871;62.153604166;27.804107502
OHFF-0872;62.294340797;28.127293098
OHFF-0873;62.314649225;28.309416936
OHFF-0874;62.352196471;27.926862116
OHFF-0875;62.406525055;27.566434451
OHFF-0876;63.672862;22.810803
OHFF-0877;62.243393957;26.96457255
OHFF-0878;62.137778745;27.175523767
OHFF-0879;62.004635092;26.906892043
OHFF-0880;61.89045159;27.871849365
OHFF-0881;61.607495654;28.926763890
OHFF-0882;61.509452862;28.990542179
OHFF-0883;62.143254010;;30.294972559
OHFF-0884;62.282637096;30.392107088
OHFF-0885;62.293971479;29.753381838
OHFF-0886;62.404628269;30.226068971
OHFF-0887;62.523812770;30.136311219
OHFF-0888;62.450632551;28.611840901
OHFF-0889;65.381368612;26.965665095
OHFF-0890;65.061167201;27.193234225
OHFF-0891;65.347279880;25.346936519
OHFF-0892;65.456730665;25.743859919
OHFF-0893;65.472313479;26.174225031
OHFF-0894;65.266822810;26.860097889
OHFF-0895;65.673393126;26.525341315
OHFF-0896;65.938625626;26.545491487
OHFF-0897;65.881304991;27.147815510
OHFF-0898;65.882629662;27.425796240
OHFF-0899;65.530494770;28.061921013
OHFF-0900;66.753156548;24.008244095
OHFF-0901;66.751239782;24.201165760
OHFF-0902;66.362196;24.260475
OHFF-0903;66.040635286;24.329703321
OHFF-0904;66.100989884;;24.365537492
OHFF-0905;65.854140148;24.156103789
OHFF-0906;67.166992;23.786114
OHFF-0907;65.994130740;28.863074054
OHFF-0908;64.723867832;29.387919306
OHFF-0909;64.671596773;28.889655884
OHFF-0910;64.597686675;28.642833981
OHFF-0911;64.782872914;28.461605160
OHFF-0912;64.462091577;28.915181378
OHFF-0913;64.291671114;28.936691806;
OHFF-0914;64.391526014;29.579168796
OHFF-0915;64.472669223;29.294359157
OHFF-0916;63.218128775;22.158152696
OHFF-0917;62.639885478;27.771688247
OHFF-0918;62.207364621;27.940029721
OHFF-0919;62.118777893;28.272588039
OHFF-0920;61.374343;22.696676
OHFF-0921;61.294800;22.648973
OHFF-0922;61.457146;22.966329
OHFF-0923;61.468081;23.020037
OHFF-0924;61.424153;23.116106
OHFF-0925;61.302767;23.239992
OHFF-0926;61.336287;23.131320
OHFF-0927;61.471580;23.193754
OHFF-0928;61.358601;23.257795
OHFF-0929;61.540506;23.179677
OHFF-0930;61.543710;23.107385
OHFF-0931;61.583917;23.326793
OHFF-0932;61.172386;22.409547
OHFF-0933;61.185709;22.906194
OHFF-0934;61.223011;23.318143
OHFF-0935;61.106696;23.460081
OHFF-0936;60.998372;23.426844
OHFF-0937;61.067923;23.230632
OHFF-0938;60.286634;24.166627
OHFF-0939;60.249819;24.601189
OHFF-0940;60.296665;24.655341
OHFF-0941;60.336132;24.654710
OHFF-0942;60.342852;24.571154
OHFF-0943;60.360653;24.506352
OHFF-0944;60.128883;24.272368
OHFF-0945;60.214648;24.464111
OHFF-0946;60.243921;24.398062
OHFF-0947;60.257806;25.188784
OHFF-0948;60.426443;24.922817
OHFF-0949;60.33766;25.03506
OHFF-0950;61.647991;27.191228
OHFF-0951;60.941666;27.657611
OHFF-0952;60.430581;22.276714
OHFF-0953;60.482972;22.260721
OHFF-0954;60.486485;22.429247
OHFF-0955;60.511994;22.533102
OHFF-0956;60.20065;21.80263
OHFF-0957;60.222019;21.485847
OHFF-0958;65.17962;25.35241
OHFF-0959;65.17018;25.22850
OHFF-0960;65.10859;25.55963
OHFF-0961;65.34962;25.53123
OHFF-0962;65.25034;25.93686
OHFF-0963;65.21287;25.97385
OHFF-0964;65.14484;25.79922
OHFF-0965;65.13139;25.81240
OHFF-0966;65.14527;25.83896
OHFF-0967;65.27935;25.83796
OHFF-0968;65.13209;26.16046
OHFF-0969;65.01392;25.43501
OHFF-0970;64.99734;24.70776
OHFF-0971;64.78497;25.00515
OHFF-0972;64.84281;24.92391
OHFF-0973;64.85256;24.89964
OHFF-0974;64.72695;25.50355
OHFF-0975;64.34361;28.04143
OHFF-0976;63.70312;27.07557
OHFF-0977;63.72572;27.04277
OHFF-0978;63.84019;26.63642
OHFF-0979;63.86136;26.69633
OHFF-0980;63.43445;27.53564
OHFF-0981;65.89717;29.42009
OHFF-0982;65.93326;29.06168
OHFF-0983;66.03787;28.10266
OHFF-0984;60.911750;23.763976
OHFF-0985;61.260969;28.354336
OHFF-0986;66.03921;28.10849
OHFF-0987;65.870903;25.0282
OHFF-0988;61.58680;21.49876
OHFF-0989;61.49299;22.20239
OHFF-0990;62.19132;21.50735
OHFF-0991;62.68440;21.33157
OHFF-0992;61.54445;21.62280
OHFF-0993;60.35389;21.16428
OHFF-0994;60.14375;21.39670
OHFF-0995;60.32805;21.67898
OHFF-0996;60.39491;21.27628
OHFF-0997;60.28474;21.31679
OHFF-0998;60.37154;21.31047
OHFF-0999;59.81095;22.32162
OHFF-1000;60.18358;22.13229
OHFF-1001;59.97979;22.52451
OHFF-1002;60.19144;21.42154
OHFF-1003;60.10305;21.71455
OHFF-1004;60.334259;22.141193
OHFF-1005;60.55618;22.02630
OHFF-1006;60.23333;22.23495
OHFF-1007;60.92832;22.62709
OHFF-1008;61.22102;22.59625
OHFF-1009;60.29031;21.99240
OHFF-1010;60.29038;22.21148
OHFF-1011;60.13913;21.57703
OHFF-1012;60.12533;21.83676
OHFF-1013;61.84542;21.33410
OHFF-1014;60.23615;21.96115;
OHFF-1015;62.354448877;29.023070082
OHFF-1016;62.979302909;29.888873895
OHFF-1017;63.845969640;29.310260276
OHFF-1018;63.822271069;29.396724171
OHFF-1019;63.724053083;28.371259459
OHFF-1020;63.581804233;28.598328035
OHFF-1021;63.567351907;28.614398956
OHFF-1022;63.063627093;28.739895329
OHFF-1023;63.092233482;28.590767014
OHFF-1024;62.934390701;29.601128116
OHFF-1025;62.946853595;29.567304701
OHFF-1026;62.126357048;27.991319346
OHFF-1027;62.304654864;26.970960049
OHFF-1028;62.107099381;;26.983235683
OHFF-1029;61.912852177;27.943693798
OHFF-1030;61.866032573;27.837279536
OHFF-1031;62.209389289;30.314183974
OHFF-1032;62.314987431;29.840941274
OHFF-1033;62.510122062;30.496933821
OHFF-1034;62.393605168;30.466446064
OHFF-1035;64.669233875;28.970913617
OHFF-1036;64.276265721;29.077628067
OHFF-1037;62.198142600;27.987549672
OHFF-1038;61.399454;22.687686
OHFF-1039;61.587543;23.555226
OHFF-1040;61.430685;22.752376
OHFF-1041;61.441524;22.735602
OHFF-1042;61.424965;23.057892
OHFF-1043;61.386640;23.124262
OHFF-1044;61.509822;23.204558
OHFF-1045;61.593917;23.349768
OHFF-1046;61.603020;23.326364
OHFF-1047;61.603081;23.254202
OHFF-1048;61.592454;23.256579
OHFF-1049;61.188102;22.317577
OHFF-1050;61.014811;23.407722
OHFF-1051;60.243199;24.653942
OHFF-1052;60.345568;24.627892
OHFF-1053;60.240768;24.302321
OHFF-1054;60.252571;24.438853
OHFF-1055;60.429036;22.259937
OHFF-1056;60.298976;21.548454
OHFF-1057;65.09321;25.55719
OHFF-1058;65.11014;25.57774
OHFF-1059;65.363286;25.365142
OHFF-1060;65.14316;25.80317
OHFF-1061;65.13292;25.80872
OHFF-1062;65.13305;25.81066
OHFF-1063;65.13325;25.81198
OHFF-1064;65.05592;24.59447
OHFF-1065;64.73051;25.05792
OHFF-1066;64.85290;24.90279
OHFF-1067;64.88064;24.93567
OHFF-1068;61.56788;21.48532
OHFF-1069;65.18835;25.37389
OHFF-1070;65.15232;25.23232
OHFF-1071;61.324322;26.628227
OHFF-1072;61.515932;21.537281
OHFF-1073;61.567098;21.524361
OHFF-1074;61.563341;21.524964
OHFF-1075;60.641953;24.984767
OHFF-1076;60.303555;24.793042
OHFF-1077;60.297381;24.800578
OHFF-1078;63.488283;30.219168
OHFF-1079;60.232381;24.795209
OHFF-1080;63.123170;21.782754
OHFF-1081;62.39536298387413;29.762775335222276
OHFF-1082;62.78105937438263;29.762772449639456
OHFF-1083;62.13172804174543;28.909412676020846
OHFF-1084;62.61577505537342;29.671139835493147
OHFF-1085;62.6206297616519;29.681135188773148
OHFF-1086;62.6450694544137;29.543303841174936
OHFF-1087;62.563643067270085;29.767677732773432
OHFF-1088;62.43651468107151;30.62930561149105
OHFF-1089;62.64517816889393;29.29415959781506
OHFF-1090;62.71347837218846;30.36678783267511
OHFF-1091;66.0639;24.4649
OHFF-1092;66.029013;24.274677
OHFF-1093;65.7790;24.2333
OHFF-1094;65.8103;24.5160
OHFF-1095;60.9769;24.4569
OHFF-1096;61.0528;24.2992
OHFF-1097;68.7489;27.6542
OHFF-1098;62.457727;25.938130
OHFF-1099;65.125525;25.273805
OHFF-1100;65.110898;25.360195
OHFF-1101;65.219677;25.273311
OHFF-1102;64.9466;25.425708
OHFF-1103;65.255705;26.509356
OHFF-1104;65.606879;25.11358
OHFF-1105;64.820707;26.313806
OHFF-1106;64.338447;28.057026
OHFF-1107;66.08939;27.344701
OHFF-1108;60.597399;22.687769
OHFF-1109;60.463506;22.324409
OHFF-1110;60.410021;22.24522
OHFF-1111;60.406588;22.247666
OHFF-1112;60.454662;22.144233
OHFF-1113;60.4552;22.224356
OHFF-1114;60.71757;22.506778
OHFF-1115;60.189603;21.901225
OHFF-1116;60.47203;22.006253
OHFF-1117;61.6807;21.3698
OHFF-1118;61.5072;21.4583
OHFF-1119;61.5133;22.1183
OHFF-1120;61.5071;22.2093
OHFF-1121;61.5154;22.1565
OHFF-1122;61.7014;21.6786
OHFF-1123;61.5082;22.2824
OHFF-1124;61.4715;22.0203
OHFF-1125;61.8493;;21.9548
OHFF-1126;61.0182;22.1866
OHFF-1127;61.3493;22.2552
OHFF-1128;61.2920;22.4942
OHFF-1129;61.6306;21.9069
OHFF-1130;61.5216;21.5262
OHFF-1131;61.7633;21.4148
OHFF-1132;61.9260;21.8861
OHFF-1133;61.220004;22.682985
OHFF-1134;61.427127;23.213118
OHFF-1135;61.473272;23.325727
OHFF-1136;61.425423;23.684351
OHFF-1137;61.389685;22.570748
OHFF-1138;61.426895397;23.022142392
OHFF-1139;61.352189;22.994310
OHFF-1140;61.399270;23.040908
OHFF-1141;61.423701;23.124861
OHFF-1142;61.343792;23.213113
OHFF-1143;61.453147;23.150120
OHFF-1144;61.448914;23.744878
OHFF-1145;60.532414;24.683736
OHFF-1146;60.591449;24.761648
OHFF-1147;60.631479;24.836630
OHFF-1148;60.070013;24.084875
OHFF-1149;60.465850;23.644676
OHFF-1150;59.978483;24.395558
OHFF-1151;59.976746;24.403340
OHFF-1152;59.992847;24.436770
OHFF-1153;60.233017;24.041215
OHFF-1154;60.638325;25.113829
OHFF-1155;60.049459;23.659386
OHFF-1156;60.277517;24.284091
OHFF-1157;60.564388;23.402950
OHFF-1158;61.395766;21.841004
OHFF-1159;61.589089;23.963301
OHFF-1160;61.414433;21.586223
OHFF-1161;65.76782;24.40207
OHFF-1162;62.49923;30.50003
OHFF-1163;62.820266;30.630084
OHFF-1164;62.721350;31.085888
OHFF-1165;60.701180;26.813950
OHFF-1166;62.189506;29.995355
OHFF-1167;60.363332;25.064985
OHFF-1168;60.378413;25.061622
OHFF-1169;60.443349;24.964386
OHFF-1170;60.361214;25.334371
OHFF-1171;60.418662;25.339867
OHFF-1172;60.420298;25.134637
OHFF-1173;60.424062;25.061877
OHFF-1174;60.405235;24.669989
OHFF-1175;60.435404;24.463808
OHFF-1176;60.420559;24.424606
OHFF-1177;60.351302;24.465786
OHFF-1178;60.373535;24.403767
OHFF-1179;60.175454;24.628935
OHFF-1180;63.585505;23.171774
OHFF-1181;63.467695;22.696761
OHFF-1182;63.718771;22.912043
OHFF-1183;63.736709;22.593545
OHFF-1184;63.881952;22.852962
OHFF-1185;63.872439;23.091004
OHFF-1186;63.386418;23.137533
OHFF-1187;63.336187;23.006748
OHFF-1188;63.375675;23.495293
OHFF-1189;63.131258;22.415808
OHFF-1190;63.328288;22.107238
OHFF-1191;63.066124;21.730426
OHFF-1192;60.430643;21.995737